reward,episode_length,success,final_tip_height,final_theta1_error,final_theta2_error
-1813.2549609166322,600,0,-0.9550531347001355,2.8706337338488193,1.3082990525865097
-1502.2978933398774,600,0,0.2595318356610822,0.4027966512264136,2.694992894252805
-1918.6401461637859,600,0,-1.1439283368648772,2.2418442819496285,0.12171166959496449
-1956.010682791909,600,0,-1.7348881903092797,2.8226832631264585,0.9865085923496639
-1888.9457058106816,600,0,1.2786429009816331,1.2883583041787616,1.2988463294594228
-1970.1217284976185,600,0,-0.2164465775404233,2.03606571630906,2.9106796298264963
-2012.5404022571495,600,0,-1.413095053418462,2.009868310990189,1.286828824294178
-1985.7712112522102,600,0,-1.7180927782872555,2.508264387202543,0.21074020013639227
-1969.2032376216962,600,0,-1.4800484526418298,2.9602579034507484,0.8699633855511423
-1943.6774613272992,600,0,-0.628654705111677,2.49275806280391,2.3885671723797883
-2041.3484136020675,600,0,-1.332890995488775,1.9112366915551982,1.1853806196893748
-1952.1133661993213,600,0,-1.4634752061465095,2.9872409511335793,1.2297705370233167
-2047.9052116838309,600,0,-1.8991294549265327,2.8280281591740133,0.6378164684424182
-1932.4234606320053,600,0,-1.7196969875477457,2.4427092310300855,1.0029195350700513
-1885.0171768284308,600,0,-1.5002488047939484,2.9746275707864225,1.1977391040094192
-1049.8729386535915,600,0,-1.256063467006161,2.3319648640252923,1.7784198936910462
-1899.8158699022033,600,0,-1.0446050293195708,2.501180381929687,0.6851786958811168
-1970.6481924333168,600,0,-0.8972138564540703,1.5171413193737533,1.9393004213671237
-2034.7215772528687,600,0,-1.5915390469514867,2.3269314210986565,0.3762427520914775
-1782.285682842947,600,0,-1.913852091668087,2.73037839351732,0.4858511482012998
-2004.4892156742749,600,0,-1.7435388165452903,2.791585354498138,0.9865281914434809
-2003.8857845624132,600,0,-1.8908846623407949,3.0672858019284686,0.3910886441157845
-2025.0368167088477,600,0,-0.9601682956244113,2.5677547999971235,2.023997238471401
-2024.5206802603846,600,0,-1.992359014697274,3.103259875851928,0.1559281745801181
-1909.714013142897,600,0,-1.2036151972464453,3.119705948687641,1.3873893314118562
-1987.3388033599551,600,0,-1.6917830234997056,2.8468133998767073,0.4504731966214328
-1966.003049535923,600,0,-1.5104747639635625,2.108616850958911,1.092828745476345
-2001.9246607287369,600,0,-1.5610566598197453,2.5844423399670413,1.335189348122868
-1950.9424898067377,600,0,-1.109799091320388,2.9703299306200686,1.617306973167111
-1902.1437365983518,600,0,-1.399499628538598,2.0356585024643765,0.7922396114058156
-1986.326719066129,600,0,-1.2407522738954193,2.3185108738267246,1.7985414394200991
-2010.9303693104234,600,0,-0.8585398109209024,3.016791267551942,1.8296817227524698
-1146.969156630604,600,0,1.8600619333313548,0.14967393798867112,0.6627429422359201
-2038.4453282842412,600,0,-1.7267405827132376,2.5885825053141045,1.0567296182071129
-1969.1191535742628,600,0,-1.3873222538438963,2.428659776051542,0.17518251216677194
-2008.8309904249015,600,0,-1.4739244732667802,2.264318946747697,0.29401877116007613
-1773.5870121122082,600,0,-0.3435049688638221,3.1204545687406005,2.265524969050781
-1937.0937046634924,600,0,-1.6263985909755831,2.7742724683700026,1.1723280971210648
-2031.521949055625,600,0,-1.713749573513906,2.5409035502908774,1.0767582500762143
-2035.1024493935722,600,0,-1.4366481329995897,2.8268478081151813,1.3782941727015698
-1970.270346698524,600,0,-1.2721959729625858,2.935971819970722,1.478780542333162
-1977.9167442143128,600,0,-1.863317233077037,2.6253937965130025,0.40313966867986534
-1707.680172022019,600,0,-0.11807119352594897,2.9953639104060343,2.482323916505694
-1931.250055435789,600,0,-1.9004856669358152,2.7679077008681237,0.12605959013478296
-1803.567756930302,600,0,0.5289033249033749,1.7742301720524445,2.5253327348192487
-2006.1748356192297,600,0,-1.2238823218765695,1.8214435477762496,1.0999377985332999
-2036.3961798806129,600,0,-1.9871811730868039,3.0440279623592574,0.02951029240360853
-1984.4499161618023,600,0,-1.980150149887464,2.9531919158055993,0.2540610536733815
-1979.0701465000577,600,0,-0.8845705435285965,1.7961017723514914,2.1939147458253827
-2005.4576825153056,600,0,-1.4242891304871113,2.6670626262691335,1.4810771275294765
-1976.7071842433436,600,0,-1.3328345217771904,2.4970508674006284,1.6526528755067744
-2016.3185514944264,600,0,-1.7532994269640367,2.7954444279397754,0.9683229860661187
-1812.3099166878603,600,0,-1.3356037780964631,2.6957087578743,0.6766792321772566
-1966.4676969472303,600,0,-1.5598686563593467,2.203721253729021,1.1900825731416131
-1875.4173813966613,600,0,0.3986185948082573,1.9102323365296439,2.6604009434164873
-1896.7747620345287,600,0,-1.0387736161045555,2.6208494283140977,1.919366200565196
-1968.3665474860834,600,0,-1.1197709257638555,1.8478056027597685,0.7319742046074568
-1952.1513530153024,600,0,-1.3655814251542693,2.1942218213636595,0.27406056050889405
-2032.0215171562133,600,0,-1.3694323466451161,2.1733037260828945,1.607239206493948
-1899.9782643356373,600,0,-1.6776301597371615,2.763268879082411,1.1035564855586752
-2038.430119314987,600,0,-1.9042598680647056,2.749545048610644,0.5917219562869618
-2041.7675405445711,600,0,-1.8489075014280933,3.0379140879531197,0.650315919150474
-2007.5157490935924,600,0,-1.4574510983183373,2.3758809345600067,0.022888292297292875
-1956.2567672334371,600,0,-0.4374193427478236,2.721103510762916,2.48678371796233
-2042.1501742181108,600,0,-1.9761046892922494,3.1119021605912423,0.24670129659109674
-2023.3029784316595,600,0,-1.822524333356343,2.552332869340614,0.7222332002991254
-1987.4629573152365,600,0,-1.7275491799832925,2.93420531001464,0.5168922272732555
-2018.5849557594188,600,0,-1.5870209546900935,2.3404695984116426,1.2721112457186718
-1408.2017486865045,600,0,0.8226821898972794,0.23205783406328084,1.4898256604473235
-1910.9347710225425,600,0,-0.3920164842858309,2.858986204468698,1.8926468893540243
-2016.5730446139357,600,0,-1.448327632235868,2.2197258266115876,0.355756849857471
-2032.8907494900814,600,0,-1.426147674508615,2.7390436010749455,0.6376108854190037
-2000.9640970273174,600,0,-1.9608600281308042,2.8643358727377484,0.32084686386630534
-1967.9468211470617,600,0,-0.6510863614320996,2.7505999354960498,1.4567761416139935
-1941.8295347128894,600,0,-1.8091910615720068,2.787673540916975,0.1592981186198913
-1941.635371014408,600,0,-1.2062515979024675,2.488719736378154,0.49337455077235876
-1827.3436030526955,600,0,-0.4727087054849053,2.1828218004748203,0.7140199749789612
-1988.634371878925,600,0,-1.5557719118359414,2.9917350201672273,0.8181042502604552
-1931.300733320329,600,0,-0.7985127667656906,2.2273274748885186,2.295793559658202
-1945.5863880127708,600,0,-1.3443446463871584,2.355458326340501,0.09307726423418439
-2032.4965142475914,600,0,-1.7790845664688884,2.6409517225303603,0.947498592291988
-1953.6888943373297,600,0,-0.2593102862525688,2.582321961446864,1.640520145872302
-1878.464589053859,600,0,-0.7342639943451932,1.3020507930231036,1.8602205541599253
-1806.6922781830788,600,0,-0.941542240692378,2.85733845530788,1.304871987682398
-1940.5896421824864,600,0,-1.7856297783428576,2.4829511239467825,0.7606133749737256
-1971.8457645901517,600,0,-0.11655877441767937,2.238423384461808,1.1941907623097927
-2008.8062740414584,600,0,-1.5743131674274,2.2661186653401266,0.5092333232475512
-1947.831206239348,600,0,-1.598176661833259,3.1114819308857076,0.8988959534821805
-1998.161985486961,600,0,-1.3840431314537334,2.1506568461061404,0.4103397915738799
-2054.7900519163622,600,0,-1.914886448824852,2.7761238910408546,0.5610745163677545
-1623.3733628832251,600,0,-0.0014602552995677254,3.1192705642860146,3.105436199638701
-1948.0140953891557,600,0,-1.8289373962647248,2.637671027462699,0.19691251500834633
-1895.4295261190255,600,0,-0.9460537803880902,2.477931842408392,2.0754769451730155
-1972.5501224084248,600,0,-1.930028758627834,2.9864035844858585,0.4973064485458546
-1994.9697244547879,600,0,-1.353179577105021,2.319771817940131,1.655318236026133
-1934.688081710419,600,0,-1.2264507624627827,1.9658267343766997,1.7462965565388993
-1466.4100841867244,600,0,-0.799127038782496,2.2042230966087546,2.2994367135194667
-1910.4314206519655,600,0,-1.209941156064005,2.6424311113418564,1.7315804854191885
-1910.6373909226597,600,0,-1.2536993829745562,2.2438421839665246,1.7865700336242982
-2022.233544645006,600,0,-1.3534743615529679,1.959214959767551,0.9571757931804729
-2028.1968523353617,600,0,-1.6141593894722106,2.283180414881886,0.5764793229266755
-1882.3419475057196,600,0,-1.4347941643862412,2.7281969823329923,1.4384737237601162
-1909.1484236365536,600,0,-0.2211194411514006,2.8784922349139785,2.147434832255216
-2003.5349924629475,600,0,0.001064770496084444,2.570705539807004,3.139619204876962
-2048.137310860927,600,0,-1.9875114398826876,3.129027552860056,0.17026971068246693
-1985.2442645051299,600,0,-1.1617416164847714,2.615507466508322,1.7953718627703088
-2011.230394839007,600,0,-1.998716740140218,3.131769722052868,0.0398815863648167
-2019.4088813073247,600,0,-1.9014361470055334,3.049310631525267,0.34550719315852685
-1911.816806863677,600,0,-1.673240771977142,2.3867900151202956,0.42109372963343483
-2048.812196703597,600,0,-1.9565140291565828,3.0794885180365674,0.3514109219299403
-1985.6343503134995,600,0,-1.7211775542481633,2.576380255388138,1.067044580896484
-1937.8889641294038,600,0,-0.1335568980440679,2.577768924736492,2.926479652724196
-1919.830065208387,600,0,-0.9884303736769979,1.7408604902107916,0.7899240117638944
-1996.3524003162588,600,0,-1.3307052362423202,2.0591753818799132,1.6149770760371633
-1965.0325230033122,600,0,-1.795153054239031,2.497268361632686,0.7376615974363225
-1669.279150507189,600,0,-1.9265956627833227,2.8021307414992633,0.1584481194681726
-2034.2801258714967,600,0,-1.4698867082050586,2.980574397851815,1.2279400390820057
-1858.1916931214294,600,0,-1.7303601200386285,2.7137616784791754,0.18069367380915902
-2002.0286791106962,600,0,-1.8292772859211412,2.857710991909726,0.23312665019852863
-2012.1822476216646,600,0,-1.7225218558933633,2.402023353658956,0.9200197459721273
-1999.3591376412903,600,0,-1.7083766204503303,2.8827476983224987,0.47636439806856556
-1966.7162274729624,600,0,-0.6355375875870987,1.6647055761663028,2.475146291313745
-2018.64760975887,600,0,-1.6538198816718204,2.334296051493242,0.5320784427592977
-1988.9876611000384,600,0,-1.3585724871854845,2.0418009086294475,1.5396999061611498
-1587.989228900282,600,0,-0.8477891438592718,1.5090178525007234,1.2039263210945692
-1912.3292605995002,600,0,-0.08593492447281148,2.9085775810048355,2.89470465247515
-1890.9589200847495,600,0,-1.113720790593634,3.028739602651273,1.337570855983019
-1927.8574804024975,600,0,-0.2862656431539058,2.8939258913760226,2.075294736080805
-2023.4549679123827,600,0,-1.5767399232609232,2.2192604837824312,0.6884624183398584
-1890.999794281412,600,0,0.017351513799991225,2.7962184157480037,3.0860209083077303
-1995.985757041678,600,0,-1.991127568792384,3.0098069056229386,0.15184849434385783
-2008.448887236689,600,0,-1.6406950235859177,2.299692741688938,0.616246675392744
-2041.5329356041718,600,0,-1.8816423850327508,3.0998308996522264,0.4478526163001316
-1689.9988873255572,600,0,-1.7006678801783823,2.7487028592568845,1.0740203332016764
-1965.6729118436972,600,0,-1.1219014635015276,3.0212293613538517,1.5616615974073556
-1970.7204894803933,600,0,-1.626784241373096,2.3887680271006717,0.2950170460474076
-2004.5589352064858,600,0,-1.7063861202588209,2.9970527228963735,0.6270343867135929
-1933.158532259782,600,0,-0.019084302327487812,3.1107545694075993,2.9126442108517425
-1878.3816708327827,600,0,-0.24182209372261565,1.9051052379655982,2.8936855306756737
-1947.1316384992151,600,0,-1.87062455834339,2.860252053998703,0.7089964333699665
-1951.4100863814906,600,0,-1.9355433545829184,2.7929504581009574,0.25593667144943066
-2011.6906546810249,600,0,-1.118691363833435,2.120584928887353,1.9530639997321728
-2033.3987285772714,600,0,-1.9079338138112207,2.742360048894657,0.23518446196382972
-1663.1416540599967,600,0,-0.7553064233830302,2.886916985556435,1.5301905406001053
-1999.8542173201927,600,0,-1.381897035945736,2.9098172108484253,1.381611653452676
-1994.9307960687647,600,0,-1.9943243149832401,3.0425583527422786,0.05964151728884548
-1982.9889689690374,600,0,-1.1340768683920013,2.313538782131439,0.2672613047469677
-1742.4710032018702,600,0,-0.4357006571398511,1.7193574654281196,0.14324803253154172
-1940.5431164953197,600,0,-0.5361722273448555,2.6866868630176413,2.396254307040446
-1828.136879111465,600,0,-0.20486064078652189,2.9907384551183873,2.3206752689802896
-1892.520088864215,600,0,-1.7279478599715066,2.4537591623613797,0.9878737445363617
-1987.2062744187085,600,0,-1.8518784533209143,2.736197345960524,0.037070705612626376
-1961.3419747810697,600,0,-1.6756641989969099,2.8219782606402988,1.0774759777936609
-1951.800095288096,600,0,-1.600311985824402,3.0755820536732004,0.9901898037145123
-1955.8267616437347,600,0,0.08066631188574769,2.6032805653403006,2.953662769723555
-2029.4304365482378,600,0,-1.5691769654816254,2.1794982887832335,0.8896067354077835
-2002.730031014351,600,0,-1.982171273267226,3.098017570468505,0.22757064873374833
-1943.8219437330781,600,0,-1.1693970941877847,2.696395773589368,1.7458481920943096
-2022.8630929906296,600,0,-0.9564967446492513,2.3888825471617783,2.0948615590791424
-1859.5832954028936,600,0,-0.3990855788624255,2.4796357690115296,1.3091510594678146
-1923.8396879778734,600,0,-1.4309201425319023,2.4671528599524786,0.1889520422824026
-1942.3221493759959,600,0,0.008752188321407783,2.958586082360662,2.832432385095067
-1893.193707808803,600,0,0.0001745600772814493,2.9748827226828616,2.8092280554272007
-1809.8606809615967,600,0,-0.0922183366230607,1.5374871405284996,3.0490485059538903
-1862.2944569716835,600,0,0.19217298255730753,2.3798861532357702,1.9666655189630897
-1997.0942900898322,600,0,-1.5567920601476724,2.8336747612325963,0.614586964421062
-2028.5646236009475,600,0,-1.780478204218059,2.992205476597147,0.5079603395632114
-1900.0731065794926,600,0,-1.259915176435824,2.2615782899672556,1.7785260660895492
-1889.9052609970452,600,0,-1.864740850445056,2.786134511995025,0.7392440688714332
-1926.8241371823435,600,0,-0.28318165770034354,2.704119041984675,1.8054387705515544
-1904.8922873006463,600,0,-0.8907796848835629,2.8520369762477342,1.3488833723822653
-2030.1027234167873,600,0,-1.6995409094623555,2.929434520774511,0.552004291986255
-1961.7768472496564,600,0,-1.0962965745251876,2.721587762866199,1.8065508627198876
-1828.9521028216554,600,0,-1.5872220638313586,2.282469556198871,0.49411337993169246
-1834.2363463048157,600,0,-1.28081503613583,2.543213286802962,1.6972914332936178
-2033.5621910667066,600,0,-1.947778741610549,3.041103771040242,0.20790104416044397
-1951.4825627554499,600,0,-1.2012181337895926,2.802562281288904,0.9706689271993677
-2003.5790265209985,600,0,-1.9697604735691172,3.1198437126411327,0.2673269117786346
-2017.7546119192978,600,0,-1.4735410684964299,2.1513660273916013,1.3798802636792362
-1952.3578648319804,600,0,-0.5835974363255928,2.276289201877421,0.7703500290931901
-1984.7391114586408,600,0,-1.973761523120817,3.1250782931132766,0.2454967547496786
-1953.5205986687633,600,0,-1.8300889164706422,2.869246401044859,0.7940999031480409
-1885.007242521761,600,0,0.0037253325691960493,3.051983936271104,3.0280316313546813
-2015.733013661297,600,0,-1.2812358200909764,3.14066008530259,1.2847816414560447
-1850.6967257153576,600,0,-1.6267207188524546,2.84391495259419,1.1333212000010793
-1963.966447517533,600,0,-1.8242519310205916,2.9617322285048373,0.39294593549862733
-1931.804576542621,600,0,-0.44354119565345107,2.913119274753403,1.9014803333836694
-1911.3417536152208,600,0,-1.835835087384274,2.6508793241596544,0.7957425929469903
-1945.363736564706,600,0,0.4879384164746049,1.7985614990488248,1.0225878188684367
-1948.4503149096179,600,0,-1.7284430843984935,2.4014376054617674,0.5991772767064608
-1940.2650533691515,600,0,-1.2474178921773582,1.9750879467979212,1.7135786085823783
-2044.3246812089837,600,0,-1.9607720366410137,3.0819437426723844,0.33418707350405935
-1878.6717677737633,600,0,-0.7847860354049203,3.109528224760369,1.8192453555844763
-1979.573452653147,600,0,-0.8416001728540188,1.881671353386363,2.2653712427097625
-2039.8649675541785,600,0,-1.877484974135805,2.7492749854629857,0.08603021302620276
-1975.18919101298,600,0,-1.9498241134224976,2.86237138299686,0.1277739682070954
-2016.9566986076425,600,0,-1.8216349432177397,2.752243948888336,0.06969086677067537
-1979.6692261264527,600,0,-1.6131330061664482,2.553180456141818,1.2624466046484337
-1940.404163160947,600,0,-0.9044818200256597,2.8842093126828785,1.890798122696787
-1966.7728997447064,600,0,-0.4863852790179923,2.3283073569396695,2.5861845918833155
-1978.4303059158046,600,0,-0.9253837483205831,3.059771339134818,1.723948871449594
-2025.7193919325293,600,0,-1.3987710873309727,2.9378449977759042,0.9342027731013695
-1891.4502274145127,600,0,-0.2621518586756584,3.1194168641901956,2.422484597060223
-2031.2328365955066,600,0,-1.795439876719041,3.0378292520907877,0.5383723474108173
-1763.7268733552871,600,0,-1.1145433853880642,2.5520115361493474,1.8730713944902808
-2032.3867533091436,600,0,-1.7737181103042061,2.491187047611726,0.8611290752216658
-1991.0651591237186,600,0,-1.2447231780598127,2.5088071890819155,0.4842600839011213
-1991.3230116844368,600,0,-1.4636187652011532,2.0698669580581854,1.2450956697999613
-2042.1461979814565,600,0,-1.85456239785122,2.8559981415962667,0.17661799636705255
-2038.4785208855096,600,0,-1.849853319903177,3.1180441316693,0.5781116354841316
-2031.0868741985482,600,0,-1.952095380426608,2.863384332034689,0.41582073714996043
-2025.4064660642564,600,0,-1.8045064640043242,2.5271547783648813,0.45558140825431903
-1820.597083713096,600,0,-1.1118167500992369,2.683076664052453,1.8125115210920726
-2012.4096603367832,600,0,-1.1471481170938194,2.5954130992541926,1.8199967426976245
-1945.7659573333885,600,0,-1.6584272074353201,3.0024042626540193,0.9783346928983596
-1911.7798612842448,600,0,-1.9089313731891469,2.7999864403736954,0.08286794265445696
-1865.7807882421998,600,0,-1.8369610516039163,3.132454793877504,0.5881514819209671
-1892.4200671295514,600,0,-0.8376368708104338,2.6331247441777714,2.1151264667900986
-2043.2525200625596,600,0,-1.8627615332651497,3.042960378885856,0.6190294675269866
-1982.9883584043052,600,0,-0.645123702046657,2.5425205621782148,2.351602627340807
-1983.22227420819,600,0,-1.0284958124448371,2.2256914996831227,2.0538914922089972
-1999.8201408096259,600,0,-1.8280464923494226,2.8338941183894932,0.19763437086724323
-2020.5098727730233,600,0,-1.8721525701406905,3.00341960697548,0.629551493296192
-1937.9261914862452,600,0,-1.5101916916269356,2.321017246491089,0.22600873248981368
-2004.3484780253907,600,0,-1.7346404967726472,3.0977534457630163,0.7880816696316023
-1942.576637985427,600,0,-1.6455414932159043,2.2989797565895507,0.6424118662608382
-1969.9948674382717,600,0,-1.0192630714575301,1.6011160715867998,1.3916649814857809
-1909.134034297602,600,0,-1.5383119272010393,2.916672439588456,1.1971001123140748
-1960.3480879484334,600,0,-1.6892626320076642,2.882937656600238,1.021999655230067
-1904.126717391008,600,0,-1.8674295848701592,2.6269041148169787,0.5923804751422105
-1961.8343778097778,600,0,-1.923182173944113,3.014455791066986,0.2458223048143846
-2029.7873061314356,600,0,-1.807647218600235,2.72126022097585,0.04271848196945305
-1955.251809832555,600,0,-1.3750014096282765,2.7290466513880323,1.506587365474577
-1984.2509372970665,600,0,-1.5399101359373613,3.026979351089682,1.10726499102878
-1911.9363260668786,600,0,-0.21628517111668022,2.823523652728191,2.0762667345282964
-1980.3701520071436,600,0,-1.516010265524034,2.8101915454158046,1.2951768252488898
-1869.9708231869706,600,0,-0.7309833082959474,2.7671417932516134,1.3974230389977904
-1891.385635160059,600,0,-1.2369838418596109,2.6898419996726375,0.774998764047107
-1974.4824899647635,600,0,-1.692505065507265,2.9396204678848763,0.9792402366251962
-2042.8828116152033,600,0,-1.9216714748307653,2.75300928555262,0.30166246563105137
-2032.164783223967,600,0,-1.9172825359599264,2.9294920508819335,0.5611692326009317
-1966.624899199182,600,0,-0.2950509023970841,2.6423875336964597,1.6938997302418783
-2033.3263105060562,600,0,-1.916891161977512,2.9753239209991045,0.5407923757126722
-1803.3371051323331,600,0,-1.564999800964332,2.8253934755161927,0.5927492490453955
-1985.556307560782,600,0,-1.6530419482974836,2.2905233611800746,0.9619184728999961
-2039.8430765187645,600,0,-1.6443915868126697,2.4071291561588546,1.1804138561246045
-2019.37324573238,600,0,-1.5825944970891923,2.2287874848123845,1.1539473128709004
-1938.5588643876004,600,0,-1.9969288500888465,3.0733757222987514,0.10682702890248541
-1981.0586626862512,600,0,-0.9488913979713026,2.6512629727897874,1.0137033155836475
-1772.2261598683297,600,0,-1.8286374380199097,2.6344165454932438,0.20441824293904426
-1841.54240733753,600,0,-0.5764021792414318,2.4747799752102098,1.1149396299312289
-1974.1298219688863,600,0,-1.256284888498258,2.925249714310595,1.5037660812186895
-2030.3358002265275,600,0,-1.8516102477303562,2.596239797342883,0.6270341523762173
-2018.0720357383645,600,0,-0.4568402410354243,3.128458406629475,2.131755182618073
-1753.1834245611851,600,0,0.7153872192533801,1.528178935146638,0.6953462486747848
-1904.3377859584568,600,0,-1.7205756914208674,3.123714739119242,0.7480556761956914
-1930.4855681838476,600,0,-1.3436231573905368,2.979822693441999,1.367855191345966
-2009.6355180425394,600,0,-1.9683708499345105,2.983959818454707,0.03879911203344527
-1986.0834369529196,600,0,-1.5117100164974566,2.2410323386699873,1.3728278629812678
-1962.7149413346924,600,0,-1.5822946934879951,2.694294719335603,0.3748139738218499
-1360.1249539790347,600,0,-0.25391974802700246,0.7753289428529508,2.1130429823665886
-1866.3701438536661,600,0,-1.518171683653129,3.0775820236481453,1.0876988174617124
-1928.396282613765,600,0,-0.855363368626013,2.7060623508531974,1.1865716004633626
-2028.6537044725774,600,0,-1.7242561877090026,2.714874479649375,1.0466342131296458
-2016.9076407062123,600,0,-1.4643904756939206,2.4656034462495606,0.14116098460496423
-1856.9425899217433,600,0,-1.6921601050051527,2.421217882937074,0.3739762183722255
-1873.1817499789304,600,0,-0.8552062012525191,2.816302560522943,1.3379898722516086
-1820.3395771147177,600,0,-0.16367507025083405,2.619443786099877,1.8283590797639713
-1916.9429815865544,600,0,-0.9822126181680901,2.5627019604729635,0.8462485806638129
-1787.5113494778811,600,0,-1.216940693407789,1.7976355400901565,1.2177135200332236
-1932.6442184385373,600,0,-1.6046017551311935,2.2234315518115713,0.844927160542047
-1997.3199076356102,600,0,-1.493716677982559,2.829670859260101,1.3099373106371968
-1899.44638531902,600,0,-1.7274628184693732,2.498680100341312,0.25874254320747303
-1933.896324483989,600,0,-0.7655958894524134,2.4510318195035867,2.2666501981188376
-2027.7524757183087,600,0,-1.797747410880861,3.0176629494293956,0.758347562931847
-1961.4302890485246,600,0,-1.7745997594812022,2.475751872702677,0.5120798765250981
-1828.1179795191792,600,0,-1.5009385646985125,2.7334247645516463,0.5401026551921917
-1861.6358759695904,600,0,0.3109055820132052,1.8561175209402165,0.9193200898397004
-1970.4161723992095,600,0,-0.49623051929341544,1.976827558525466,0.30459319944560204
-1899.6808159990221,600,0,-0.25574566730059956,2.625093625798729,1.7151721643006284
-1868.6451788744832,600,0,-1.6479093514469536,3.1321312721756858,0.8753623757441462
-1901.2881740336834,600,0,-1.932726857498265,2.7951639242930195,0.47192592604950256
-1967.187940507125,600,0,-1.8724911423486366,2.815200273818901,0.7153999002159239
-1819.9396579641295,600,0,-0.25074930732190004,1.2707319804579442,0.8780417441204054
-1284.4548971895165,600,0,-0.17163965723253272,2.9071430795574074,2.7342141516323144
-1903.4702116290725,600,0,-0.8147099129367404,2.705285083339092,1.2262257042479159
-2007.810151067553,600,0,-1.370397412700199,2.523181683355021,0.36330489995499204
-1739.3648032705896,600,0,-0.5805336918115652,1.839682763234256,0.051439190364301
-1857.632976046624,600,0,-1.9913164576660287,3.0731224044806886,0.04419813045106724
-1950.198130449908,600,0,-1.5792033531577743,2.7611787043383007,0.4818865336895404
-2052.726532080268,600,0,-1.5246069686967583,2.9704830671415277,0.8301873339344347
-1590.5635220982576,600,0,-1.3395904231063245,2.2548208822246005,1.6713686962780587
-1975.0472567456227,600,0,-0.05602225249364978,2.9832636593317496,2.610899636601302
-1959.7638556020513,600,0,-1.5152675933276292,2.493438671956836,0.12162003446904113
-2019.6929325621354,600,0,-1.8134065360086298,2.8357616978029316,0.23006900684423187
-1794.6454965594828,600,0,-0.07675792930427927,2.289626413362575,1.339704671417437
-1991.203025188175,600,0,-0.7158736339688736,3.0864390595610374,1.8021522873817264
-2043.0111197740878,600,0,-1.4051218940024215,2.3081789858177943,1.5818275406105342
-1954.8539385724332,600,0,-1.8704666491658468,2.6304131569815183,0.5695221195657149
-1995.334749620288,600,0,-1.383069700825014,3.0282551305546366,1.0573858613738323
-2017.9934535428101,600,0,-1.7701169285854519,3.0493109729816634,0.7773562576840438
-1975.8240529592804,600,0,-0.8709204720366432,2.838624223398634,1.9573967926635807
-2001.3229562575711,600,0,-1.3042107186886955,2.758600702273048,1.56760016364908
-1786.525999925241,600,0,-0.3742365314335993,2.4891794643392364,1.352252202760399
-1728.8802504866653,600,0,-0.5618135527135724,1.6506330996059182,2.5587496716928984
-1464.0544255491916,600,0,1.6526921101213792,0.8528451388025147,0.9543862476314537
-1820.1400294358666,600,0,-1.7128665451508618,2.925754555777994,0.527713214552902
-2022.2693306924814,600,0,-1.8830364509580817,2.702533379852837,0.6497605049181921
-1935.620281712929,600,0,-0.5704487820550488,2.6219911091856005,2.3925424431976468
-1792.6735713203127,600,0,-0.0068686356518326,2.174838460866554,1.1997626861599604
-1870.9587565313707,600,0,-1.934290560482163,2.842151414453948,0.09310987742890753
-1830.3847220406326,600,0,0.12464261173537963,1.2081395037394076,3.011133622684058
-2000.5523348956601,600,0,-1.9356499766741817,2.8831210479390346,0.008292953373450151
-1995.2896929899691,600,0,-1.6713287460922228,2.646948514887201,0.16339811083065914
-1956.9415373014112,600,0,-1.6332640684881374,2.4863503363119692,0.0824000046210912
-1930.218777448305,600,0,-0.9357833073064787,2.65571971359778,2.0051307864635772
-2019.6308150213667,600,0,-1.779964275162079,2.5052379323520726,0.8572717901603917
-1750.4319286923478,600,0,0.25205579407518147,1.9890753573994853,2.8413875928768366
-1924.365328147957,600,0,-0.2905941344348074,2.615166923057719,1.655770508005231
-1820.376418457408,600,0,-0.7498944030622043,2.64882878088322,2.1950733107385783
-1932.7801432981882,600,0,-1.7099244264533429,3.068531924491029,0.8506709703974578
-1802.987501947206,600,0,0.2567344123868277,1.635281626525058,2.8791079614356243
-1945.8476348811141,600,0,-1.9014519076989478,2.864087964318488,0.07151072743479658
-2040.3259603967094,600,0,-1.9158038978425873,2.9779583130094265,0.542290784559336
-1704.6010154266069,600,0,0.2570920586520449,2.379866678219278,2.1832745694569455
-1979.2427550198445,600,0,-1.2713748137947816,2.932146663854782,1.0637482345871454
-1967.9194331044546,600,0,-1.7099314342688707,2.4974613374736374,1.0708959551960762
-1835.4731974027015,600,0,-1.6988656705734582,2.408933003773956,1.0322158684076932
-1899.4272028140695,600,0,-0.976988623539344,3.053545523744402,1.501888096714484
-1973.5218701943302,600,0,-0.9935550991799044,1.6135682168204695,1.8430248549419073
-1868.439375651776,600,0,-0.23102952711384103,1.887817357873641,0.39781680672503833
-2017.2695186969681,600,0,-1.8770505266434796,2.8445186543892484,0.697606658786087
-2047.7991734837747,600,0,-1.7505805259297258,2.419837026862261,0.7332806056973367
-2017.4676396961938,600,0,-1.6918464086699203,2.4303125750293866,0.3468289850470018
-1893.998425786685,600,0,-1.6316232567154705,2.3385019588128158,0.4466278074710899
-1875.4035628537588,600,0,-1.6198484807505884,2.5576621730748843,1.2511483668438814
-1944.181239450278,600,0,-1.3888971300798234,2.360065844256185,0.042790612412202486
-1917.564132162669,600,0,-1.587797476707729,2.2629926701366054,0.5596586593300253
-2019.434540174231,600,0,-1.2198182375623832,1.893189441899239,1.6925422227786355
-2021.0348445285267,600,0,-1.3772558777922779,2.650735712341892,1.543442467400633
-1912.508562741814,600,0,-0.01857347473962384,2.093921152761842,1.0249380651661228
-1979.9161554194811,600,0,-1.0581895480453094,1.7032770911337594,1.8251816969317156
-1979.7900100984878,600,0,-1.2861464857861389,2.9457707433761624,1.4564084611946837
-1973.7613564769786,600,0,-1.870323596054061,2.8786629122265017,0.1772127911345316
-1743.8257768795047,600,0,-0.8788150004039719,2.154865775421276,0.25052766210886357
-1809.1117321668996,600,0,0.005861137243206693,2.9528080739181415,3.1072717272476
-1927.0161186845262,600,0,-0.3340424363839075,2.2875477352186384,1.0455396867476279
-1975.9382066966732,600,0,-1.5938553970582756,2.2720191543482606,0.5478850057492959
-2016.596184735906,600,0,-1.3886082091192662,2.7780099708318255,1.4631524837495058
-1853.1459294564065,600,0,-1.9122678259053443,3.139557367881032,0.4199688566861275
-1966.3472223776134,600,0,-0.7248753407698691,3.0655287359404535,1.9225733659422324
-1479.3713414724537,600,0,-0.15684903813341855,2.0698480858196913,0.8266227457613878
-1986.1844525807794,600,0,-1.9781568824817461,3.058202407582089,0.2753520860786334
-1900.4722732194202,600,0,-1.2833940532622532,1.9604651081411166,0.7382260756431466
-2017.1063010791229,600,0,-1.1554442234684832,3.1019254348143273,1.453590048039168
-1990.4294303808315,600,0,-1.5607933568682832,2.4068342993114342,0.12328062569650078
-2000.150329880646,600,0,-1.9294985803378208,3.0456180990427395,0.4610394248511954
-1824.046860614009,600,0,-1.5065158557221077,2.4807263962770154,1.4320945972376902
-2010.9642620068596,600,0,-1.7906789648705725,3.0469956037508936,0.7461385960366651
-1944.1539408926492,600,0,-1.9593116850502654,2.860444833147725,0.22773897142410449
-2003.675813018146,600,0,-1.9073016435841916,2.790050651382731,0.6033690075812712
-1974.9377097709848,600,0,-1.595639988875386,2.902117434976395,1.136193332357264
-2024.1661034161,600,0,-1.7789262561179828,2.525272084926713,0.8895094059273168
-1973.4447784855438,600,0,-1.9763793907311737,3.0573598248729805,0.11647916368806266
-1974.6579296905863,600,0,-1.485973546083467,3.0701097579952736,0.988912222205972
-1926.0657183899148,600,0,0.028858550274102668,2.841543250897928,3.0196524750684492
-1964.224938666392,600,0,-0.7025299434809613,2.9424255169480324,2.0513644043660912
-1923.9063952960698,600,0,-1.621517495005961,2.796025012342342,1.1677360680519655
-1990.5906380280705,600,0,-0.6036193370964267,3.0199723709333246,2.091955974378443
-2015.2114882421533,600,0,-0.33718925392702326,2.8716559251365936,2.517914011653767
-1987.6744608121303,600,0,-1.9793099551203022,3.030118620933355,0.05892750882096036
-1967.9430694917082,600,0,-1.7893659372835882,2.608132585019777,0.9144063946404959
-1976.1196854471757,600,0,-1.3551903572429187,2.5180228625145453,0.3727549708340011
-1952.472077058781,600,0,0.18627170849079544,2.5173018734052186,2.5858778857010467
-1766.899193119077,600,0,-1.0371125248740964,2.914039386792059,1.2803102823068602
-1881.9570790138048,600,0,-1.663581044087222,2.508113316818715,1.1736746342246707
-1978.1687072266584,600,0,-0.5955727455735199,2.43749106601373,1.0340962003073928
-1952.2764134670854,600,0,-1.082710473074879,2.869423508795858,1.7231586430881667
-1898.4291331722493,600,0,-0.030935516325117263,2.9893805276176977,2.6967992665106353
-1974.6446534976,600,0,-1.6932714304342054,2.6697959022280346,1.1110888623323745
-1845.3399735326504,600,0,-0.3890297517898641,2.4976655855423777,1.3501069382881434
-1995.505879060319,600,0,-1.8760555179831817,3.0356316779822343,0.5973800197664675
-1748.705019151997,600,0,0.04496848824877009,2.7143363471113617,2.413451351412758
-1920.3758242082417,600,0,0.04141556760160037,2.8243045205801094,2.6938322201904663
-2031.4019758118654,600,0,-1.164949043560874,2.9547839234458717,1.5742319992309284
-1984.5874266402202,600,0,-0.9985427134308567,2.977089357225359,1.3942498442722018
-1822.8991899816479,600,0,-0.40939096481907034,2.3399212391896675,1.0592955909479138
-1999.4985685015797,600,0,-1.518832497860154,2.1339711813913143,1.1812808348892216
-1768.699811239475,600,0,-0.2952829178065398,3.0653649732338395,2.272508243536455
-1929.1714324732254,600,0,-1.7697727673290755,2.9954534229722825,0.5293004607257464
-2028.6062846617126,600,0,-1.4799271635852767,2.7802231850100725,0.6336177072242206
-1928.570346339655,600,0,-0.6353069233986653,2.5112533745338297,2.374523728740787
-1633.9173311052734,600,0,-1.0196882924411588,2.3219254859513123,2.0464971233558025
-2038.0757640772063,600,0,-1.7084604713133822,2.368973570223626,0.64905363143055
-1785.3400779492124,600,0,-1.0126204036988993,2.1130270562664206,2.0797165254102343
-2051.0292603720077,600,0,-1.461809613645276,2.4323567448103383,1.500495646466535
-2047.1015854919588,600,0,-1.9490208823689916,2.829366357620384,0.23966829358394404
-1824.8146390235615,600,0,-1.9258614090200636,2.7683679182900938,0.4761776990376396
-1957.339311628487,600,0,-1.4008472953809186,2.767887885283966,0.707952534582859
-1944.6164173492002,600,0,-0.8325043662122683,2.4891445192845847,2.185330849258097
-2004.146938583888,600,0,-1.8740809303669157,2.640188702843835,0.42618413098486607
-2020.6144331754556,600,0,-1.217404817784543,2.3792569778307455,0.2915694337990671
-1861.0897565447046,600,0,0.13562055148313068,2.575486184062877,2.777740553388391
-2028.2764965747133,600,0,-1.397164126658117,2.4187435667932546,0.14398896213087597
-1800.8246926618133,600,0,-1.9580800369563858,2.868534387325969,0.3717960687753643
-1943.5382340513222,600,0,-1.8696026118374847,2.9752601477259346,0.6540516352045883
-1995.5220457493076,600,0,-0.5172939707919849,2.9591040280338587,2.2381637578513383
-1855.5315854846417,600,0,-0.31381913588974,2.0315035330179088,0.5918453051089483
-1935.4542546146292,600,0,-0.5568376599410446,2.1538716970891176,0.5768314433279076
-1928.9303667530469,600,0,0.16151703420805152,2.550508133755197,2.4227799545411464
-1956.3909420168693,600,0,-1.9694297385977222,2.9239977754224573,0.09929090984821762
-1972.6997693815867,600,0,-1.9534116707583764,2.837449663555774,0.266931012689021
-1909.519488046823,600,0,-1.9424342570988902,3.071549871729928,0.26350655200254147
-1967.3604996190281,600,0,-1.625993718798487,2.2507641444977837,0.8163226094558186
-1964.008735585526,600,0,-1.09168787133631,2.435201279212652,0.5270643947021383
-1805.7074650338088,600,0,-0.200436149447077,3.0629574448581702,2.413601977152666
-2026.5290206713976,600,0,-1.883112800651641,2.694267995163775,0.6399489115197697
-1940.6446588934837,600,0,-1.8636978426083344,2.6712515231239924,0.7063279253835996
-1997.3829701255827,600,0,-1.6219778294009428,2.3784221079010783,1.2157326637080512
-2025.5065761223605,600,0,-0.8781338036758785,2.990580833786846,1.8325197380859792
-1700.4281051676141,600,0,0.05825728489560644,0.5476015974862731,1.9430573713707602
-2007.7880176441438,600,0,-1.8135666430570105,2.627897177100994,0.17332825450832484
-2014.4586759416895,600,0,-1.7904328125582483,2.9088634302106886,0.8466558909064168
-1896.619621204171,600,0,-1.3677575298605575,1.9511852255598257,1.2743852800342257
-1933.969106076422,600,0,-1.8319950559862344,2.842374932796256,0.8016213225901896
-1988.9344577054435,600,0,-1.9546781294034354,2.9304603815060295,0.42656549800709487
-1961.8734255526733,600,0,-1.4471452772492321,2.3927007714062585,0.02570717650669796
-2003.0116285463425,600,0,-1.5441869708567695,2.4736047073375245,1.376828034641561
-2013.2462999392096,600,0,-1.4706131269042075,2.4188301225272077,0.04332058742278319
-1762.6795554765704,600,0,-1.1622443656915606,1.7352129237573566,1.4599110297299642
-1982.3407520294265,600,0,-1.5512054503929735,2.4632292559017124,0.009499355864751558
-2024.2176077641652,600,0,-1.9740510731233059,3.01273362813592,0.31706263059472206
-1937.7438611525843,600,0,-1.3838198288918853,2.8153350019803605,0.7927544614334934
-2027.5986411953788,600,0,-1.0701383834290576,2.2700745218318072,2.0017247499092408
-1977.4324355903075,600,0,-1.9678208874431562,3.0790749786816494,0.18397379401273065
-1950.4058578766974,600,0,-1.5668485147398492,2.843785614371411,1.211449107126376
-1983.0578348135723,600,0,-1.4887432779153587,2.47551280412087,1.457981384365342
-2033.3240706735482,600,0,-1.673475561806371,3.1064504411425578,0.795918042087074
-1953.0004270790494,600,0,-1.8862178521793092,2.6719990192460523,0.5748505800296745
-1967.2689743358756,600,0,-1.0621004683658843,1.7311645466398549,1.8558737252316149
-1999.915068166027,600,0,-1.648715303441993,2.3774391272867863,0.3790165736549023
-1944.7502993698247,600,0,-0.2841088802176107,2.4285071261384403,2.7757100046400986
-2011.5237223953825,600,0,-1.2354681944950188,1.9433415388663617,1.710833442303672
-1957.2061326548433,600,0,-1.7402175765218106,2.737831762984872,1.0120487375991447
-1987.6361814099566,600,0,-1.6493136805109516,2.7911113809389514,0.43066616091162546
-1998.906126009395,600,0,-1.8773533733230432,2.678709688633125,0.649785621394153
-1860.2941006036892,600,0,-0.918713452859526,1.5940247276430464,1.086296083254588
-1828.8618194966418,600,0,0.28575375794228175,1.8307608671311506,0.8337320027516768
-2029.312658724668,600,0,-1.898613187446292,3.0784872247805297,0.386534472866239
-1867.097884970583,600,0,-1.9871625851591994,3.049247984556434,0.22340925612000462
-1969.690805066754,600,0,-0.8138233840815917,2.4103711803220094,2.232497713807392
-1824.9623112226834,600,0,-1.7832030863536679,2.785338474579966,0.9186252030811363
-2016.2265177070965,600,0,-1.5540016546425857,2.158352618757303,1.0088193428844512
-2058.2761458306827,600,0,-1.7332270133531322,2.40321022688191,0.8509700021594675
-1994.112784050942,600,0,-1.4705468459664024,2.844800714532749,1.3274352512028078
-2017.768822630994,600,0,-1.6821469483591773,2.747061660737817,1.1035975305935075
-2039.4933580542586,600,0,-1.9704771575941469,2.9537215046541636,0.033270446100088794
-2013.0696905360205,600,0,-1.7488572363588655,2.8234676880363283,0.326984978161265
-2003.0689930915657,600,0,-1.5011298840197638,2.5401948342056215,1.429079991858853
-1861.3321488268618,600,0,0.3844731994830367,2.1980136572060482,2.4378906535050837
-1862.5278252239902,600,0,-0.4792605170455918,2.562990396471661,1.358284107112972
-1947.3928124049085,600,0,-0.493637330275012,2.5797727523780227,1.3693776096346932
-1992.2234252882374,600,0,-1.9796569393273573,2.9460091745600354,0.14503099903642058
-1965.930029805824,600,0,-1.1420535842707151,2.7129289667793386,1.7647802116458924
-1890.2012316410505,600,0,-0.7041816388924723,2.2429425098678326,2.3878410677487087
-1971.451629497275,600,0,-1.6163093707497285,2.2363150887458136,0.9534049986436457
-1909.8144958585906,600,0,-1.784739100252171,2.474580325255405,0.7102445474565909
-2011.048392483248,600,0,-0.3157050752863919,2.889412209922558,2.5340741552962616
-2030.6426057149652,600,0,-1.9941015986657114,3.1135510942175597,0.07693768923266889
-1966.6737843441053,600,0,-1.6139254190546315,3.0694911931258413,0.9785781469655064
-1948.8628479861986,600,0,-1.5405182492823721,2.751680929156468,1.297591867983796
-1745.4707368234026,600,0,-0.7713558568194445,2.081663095137071,2.3444075878222432
-1909.7774832122748,600,0,-0.9608735443857596,2.6099005454102633,2.0034032544885276
-2027.3858930479503,600,0,-1.5290104464419247,2.7429445335441422,1.3166308736807864
-2023.7754252596503,600,0,-1.7482160094512238,3.089495709797841,0.671283011499328
-1856.808225066617,600,0,-0.5001392921388021,2.965893900418828,2.2522469806235446
-1944.0662982835918,600,0,-1.244478280610872,2.1659472030951124,1.7934228245790673
-1949.8078624146847,600,0,-1.5268269221268946,3.016602351487517,0.8817384757118357
-2010.103401514896,600,0,-1.179075030059569,2.565043649842781,1.799656189261462
-1858.1467883246905,600,0,-0.34259024818326056,2.8969768001907164,2.0046987447359053
-2028.4983562842847,600,0,-1.9145252884204456,2.7307709224171512,0.3434639898171356
-1960.4476059241292,600,0,-1.9040942457519368,2.8374281959553858,0.6217353959735151
-1971.3156149831113,600,0,-0.7443707970534426,1.5040411653789372,2.2623578698426985
-2032.6288548408008,600,0,-1.9241122766436152,2.9765399361890656,0.18978587128022617
-1936.526594754118,600,0,-1.6602751586135749,2.683598316514078,0.24434345178624636
-2047.0748287785457,600,0,-1.9623505899764553,3.007495852980832,0.3741383354439065
-1974.5558840971648,600,0,-0.537510988589075,2.5885396128855227,1.3365290965971126
-2004.6141683798228,600,0,-1.7478432146951852,3.0054378015417016,0.5757819580920895
-1963.5895926648334,600,0,-1.0000327551728432,2.1210287505463215,0.05282652114332409
-2007.2162080816186,600,0,-0.845065498560082,2.5046039339108424,0.8926209064966099
-1995.2238461233387,600,0,-1.7129993154332044,2.8394558040041984,1.0122371558717256
-2009.6735718382495,600,0,-0.8955834184661381,1.7430982495900338,2.1595146277796986
-1783.6532028739807,600,0,-0.21421080227911424,2.0160507227813476,0.6634585233865231
-1854.9926563755032,600,0,-1.2263294010918135,1.8144719527798205,1.5002059148857338
-2019.5675773947526,600,0,-1.326045185315441,2.322459316292149,1.6912718100074748
-1951.763848979976,600,0,-1.3226743676231456,1.9399345530674927,1.478722649227768
-1974.2387852279962,600,0,-1.9195769696702394,2.8744262231860964,0.5681203859397013
-1888.8132605840324,600,0,-1.4325701148310004,2.050342467976816,0.8506433823506653
-1988.5626856967176,600,0,-1.8373016404964653,2.852645616013233,0.20859734745087752
-1847.8727176202462,600,0,-1.7453871899644269,2.5717027762438884,0.12678961735017993
-1944.0128494883247,600,0,-1.6499152563688382,2.4944824101456318,0.09627173125789446
-1901.6475279442714,600,0,-0.3140342092984165,2.806359258355053,1.9175016570998884
-1929.2096815063799,600,0,-1.401093673769716,1.9969410230496414,0.9878404474048814
-2015.0461539034648,600,0,-1.8957447271770238,2.9482002332534885,0.610198018207312
-2035.0275555808662,600,0,-1.8847620606285265,2.7815925768567276,0.6811747067655476
-2024.020475190057,600,0,-1.9349928951399455,3.089362963306358,0.3064629998606577
-1875.0774264753347,600,0,-1.700831990376432,2.5769266772451176,1.107855261940589
-2004.8992761588734,600,0,-1.8565481517246152,2.601796083778322,0.48949011873315273
-1849.315897568128,600,0,0.6602802713230296,1.765576005465716,1.218080003572641
-1992.7697228019958,600,0,-1.7621107758758827,3.0856900023003897,0.645910413845531
-1862.40952537579,600,0,-0.32966484722642986,2.0974378323279668,2.788793359035
-2018.2062423611167,600,0,-1.7580879747071734,2.705777712792441,0.9876543245137681
-2013.9739640700775,600,0,-1.2354757028154904,2.5636710643004768,1.739517547970217
-2036.4119824281959,600,0,-1.7066018590612537,2.4453824528888575,1.0463530678517934
-2014.4765943522054,600,0,-0.7807831154203688,2.9240004417839955,1.5501110291856566
-1962.9583801610804,600,0,-1.6017058176061263,2.9648218480915003,0.7287332060747181
-1902.8438366314422,600,0,-0.9620012050609724,3.011569333368961,1.4703349774242054
-1924.5729037990989,600,0,-1.7053709992565342,2.3631818651430807,0.8938811701424725
-1971.125451060154,600,0,-1.373166394379034,2.913354269068275,1.3884997428619257
-1977.7795754351368,600,0,-1.6878966073011865,2.345881276403264,0.9500081894047666
-1979.2909472352806,600,0,-1.8608676837897369,2.7538293531388174,0.025537943305519256
-1958.094484461297,600,0,-1.0762206815552766,2.1273875104966837,2.005118906983954
-1972.0614938166743,600,0,-1.8712342138980071,2.6463758306478606,0.3637335675687269
-1971.073926577719,600,0,-0.9253788088203907,2.1277203129243105,0.1488945737556735
-2041.5523038090512,600,0,-1.836113899694984,2.5615470184651428,0.6054919581601277
-1926.7230821505823,600,0,-1.3693699793226863,2.09280008744003,0.5347256876988504
-1872.7615974172834,600,0,-1.3117562564562186,1.9312670806373937,1.4975230988829682
-1939.417297972274,600,0,-1.835043647085842,2.751103246041644,0.036248541151174596
-2023.6567382156616,600,0,-1.845065764460641,2.695187476070959,0.10732453137163528
-1757.284338791455,600,0,0.7644254112311588,1.463812681298818,2.3169196901453577
-2016.2527895803712,600,0,-1.8818966450553627,2.7962716221748845,0.6907514104397854
-1919.7562011523532,600,0,-0.9133479855646646,2.659808977954558,1.0618311665873794
-2026.035588314129,600,0,-1.7589774565864684,2.4334115970797825,0.6744507456107038
-2005.6671408671496,600,0,-1.8458356615486784,2.8076325488239027,0.7824936824799102
-2018.7119044407493,600,0,-1.8575961252820021,2.634336960102381,0.689081400572139
-1991.0139440621767,600,0,-1.9352679758900013,3.070097920025788,0.2829981532716369
-1951.7409388187727,600,0,-0.8912839950887583,2.7346975302326286,1.190974548517337
-1943.3815713371102,600,0,-1.0752386108420884,2.9311123912967654,1.6838144413016174
-1940.9470150711563,600,0,0.008811896532537777,2.995803658468788,2.9358528859784694
-2038.7717937044877,600,0,-1.9811015762716608,3.1113244277133205,0.2226081899272404
-1949.862123222307,600,0,-0.017008116334105816,2.887026478908866,2.5719236594832986
-1754.1173733258663,600,0,-0.623591788812148,1.4685368681112925,0.9142716639665844
-1909.0526805246302,600,0,-1.4343508971653716,2.398490170435382,1.541328966451746
-1961.0662580089656,600,0,-0.536293060426593,2.0575279771065436,2.5862537409631567
-1982.896364036215,600,0,-0.6430912250197198,3.132398966618147,1.926514022296327
-1859.5017927835643,600,0,0.17360185720395604,2.5107563346019672,2.3162146362905727
-1997.76036407543,600,0,-1.388963521149496,2.55954744379451,1.566132471030282
-1929.2094340473818,600,0,-0.8892514601122067,2.3548528364633623,0.5999237652602687
-2010.1540284500918,600,0,-1.9857828366931969,2.97314237405214,0.1796692468032244
-2005.1629599704224,600,0,-1.9401317918467522,2.812733300785354,0.44098551477636594
-1967.2968524704875,600,0,-1.707104223244766,2.3897268883665874,0.5355200512835733
-1845.2173551297044,600,0,-0.06511423649295989,2.6248143938411177,1.9885166988869505
-1910.54585030873,600,0,-0.31135505031400795,2.107915607065036,2.806145648389564
-1866.2765542051861,600,0,-1.4744750921654854,2.8618084361058935,1.3114849748659148
-1987.3604868460106,600,0,-1.6160345727795007,2.6820481507283604,0.3077665380249567
-2023.567966617301,600,0,-1.9414829500122988,2.8823041542402073,0.48376709348907065
-1941.2910582656389,600,0,-1.0712662665963442,2.726913099416838,0.9994559550258322
-1933.2037494027381,600,0,0.4223841242002292,2.1727808457769733,2.3234998291617233
-2008.4244087245686,600,0,-1.4591143127846862,2.5536460531859055,0.3051112033789974
-1783.8144965509973,600,0,-0.670295051341912,1.3418468824863425,1.3424495503604592
-2031.3800604693288,600,0,-1.8510057735205936,2.726280761565806,0.7749755673603181
-1845.3235802271547,600,0,-0.4432168288209904,2.363853150028884,2.6211859986915123
-1953.666799379702,600,0,-1.8989387422916897,2.766844160772073,0.6270557061214095
-1963.573630106055,600,0,-1.4259067391945655,3.0332091635048166,1.0159536686158548
-1933.426625338019,600,0,-1.6921760547619755,2.8668448800155337,0.4781911956372821
-1983.4737407008236,600,0,-1.9167172213080255,2.9576364883325352,0.5504499983480741
-1922.8175767401929,600,0,-1.501588592543784,2.263023426754504,0.34961515170799284
-1956.9553948151738,600,0,-0.35947843234186194,2.4134573418345195,2.6962404406983493
-1948.379395706024,600,0,-1.6279414440316016,2.93673183283574,1.0695822141570228
-1980.4188161054235,600,0,-0.8798174915513468,2.226407849352354,0.3820384028354802
-1992.8442017011446,600,0,-1.9083374715967034,2.86397404324949,0.6058106669886264
-1936.3036734672721,600,0,-0.813716254601014,3.054914218651044,1.8410333440614843
-2049.648245452576,600,0,-1.9837435914906276,3.055872088599161,0.24453576929890752
-2017.2873480063836,600,0,-1.2145278004640776,2.225904910397327,0.004987933748677556
-1861.046145898494,600,0,0.23850487700451073,2.3856936370380506,2.6465865587271438
-1833.4040997791283,600,0,-1.086306711743213,2.509123605980951,0.6548078554831709
-1875.8371923448929,600,0,-0.5382596109219278,2.3375093886549614,2.531025474913299
-2000.4906522832903,600,0,-1.8494511982314377,2.823698918924908,0.769939627605035
-2004.3366265597488,600,0,-1.0154797653834766,2.3399213770875114,2.046766689470163
-1924.6796293806228,600,0,-0.9952408306135379,3.102336972528798,1.53552942039074
-2013.0737654256154,600,0,-1.8753343220611818,3.011676989926377,0.6168713533242264
-1973.7323123846184,600,0,-1.8346333147925598,2.5596445627353948,0.5429546429240815
-1915.1882831867208,600,0,-1.5898966503458847,3.103806767759359,0.9011953228445305
-1912.2425337656957,600,0,-1.4746602317715645,2.449693184000568,1.4808017073641633
-1915.9496010705682,600,0,-1.3462016455077295,2.6326189078922138,0.5691791769364306
-1886.6019023696067,600,0,-0.8203830115187173,2.739541929806962,1.2687898644280209
-1954.333537660598,600,0,-1.7802515217000465,2.630923930370074,0.9433764071179562
-1912.3794531629112,600,0,-1.8795915813012707,2.862520156978733,0.12800905650793606
-1809.916106178383,600,0,0.6365081452669717,1.5421014027527749,2.459588943665776
-1975.379335652419,600,0,-1.8609525761231243,3.1156013142719337,0.558983975195157
-2028.4127556978763,600,0,-1.5815672525236448,2.6134483863304405,0.2419808960214504
-1988.6259749895537,600,0,-1.6898941300262074,3.06923494400424,0.8781903430293725
-1976.458835546367,600,0,-1.8423254937651805,2.932439743314989,0.318247474620709
-1953.6234506504597,600,0,0.0517183018960041,1.6997306846356768,3.089239920629513
-2042.9047570975179,600,0,-1.7372354557143752,2.6384179048380094,1.036385725675219
-2039.1416130191142,600,0,-1.42919672581462,3.013622038201426,1.2460906905626046
-2007.1417312250746,600,0,-1.4506353386061197,2.246167213038521,0.29562541309059087
-2014.039689843201,600,0,-1.9544648285608806,2.8460740553102557,0.22937927393418234
-1970.8860144287985,600,0,-0.7738009571849749,2.363347626458965,2.28734794811637
-1449.7391384010862,600,0,1.285510283823071,0.21104945356317062,1.4690723647425366
-2041.7218479541891,600,0,-1.9743584914866166,3.114904322480095,0.19866773860341896
-2018.440472869289,600,0,-1.318939362312743,1.8958978399790025,1.276212253864585
-1802.2309730466836,600,0,-1.013352388554694,1.9669478470442616,0.28216307379444583
-1878.8356707894268,600,0,-1.0332834253555432,2.3895343705727816,0.510899906342998
-1893.2834647562877,600,0,-0.7768680717674881,1.3692821163743387,1.9871004169270696
-1862.0721682182739,600,0,-0.7644249652054382,2.1497214999890577,2.3436195548615744
-1990.4977772400694,600,0,-1.2905997377730565,3.0106796334075034,1.1360746365850842
-1885.7168180451488,600,0,-1.2035008002801444,2.841170743047131,1.620304611528935
-2034.2963096002638,600,0,-1.9742373711289773,2.9601811319116678,0.04453747282402243
-1849.8112009004187,600,0,-1.0352849689514039,2.6831334981614434,1.8902588635058337
-1886.5254364509067,600,0,-1.3901105856000702,2.298671901144612,0.08290552750934829
-1935.8654406891378,600,0,-1.2424504840475286,2.5170975217600415,0.5004876291773943
-2015.876443318144,600,0,-1.5924832407536804,3.0022893363827334,1.063882931970949
-2047.684051445274,600,0,-1.7242430650961973,2.4170083269009064,0.9465433497841107
-1937.7318848990074,600,0,-0.3133069512108404,2.9084483987483623,2.057988831787419
-1949.1937322115543,600,0,-1.1612280395259074,3.124716029980597,1.4255938085388824
-2009.9614376094244,600,0,-1.569468831865671,2.9434155507010438,0.7427467249124932
-1789.1540254256058,600,0,-1.865641192610509,2.7157536850895214,0.1245295290334445
-2040.1002481712005,600,0,-1.999656854569975,3.1255424005296226,0.03675535103488026
-1798.7609737864814,600,0,-0.8478303071122579,2.1975279559661507,0.36233218948498325
-1996.5275991153885,600,0,-0.9480613969516278,3.1098102094414624,1.6540350588480865
-1913.4103717727735,600,0,-1.7753624204174967,2.5691864724962064,0.20919936191390248
-1949.485783704749,600,0,-1.0868323164830354,2.569352033098178,1.8943385982188032
-1821.7148985911076,600,0,-0.14460462207379543,2.0611665336374694,0.8228075352610501
-1893.2637177838242,600,0,-0.5405455564158507,2.7856859053378598,1.622901649049334
-2021.0360879495631,600,0,-1.3660703013264246,2.050904458519218,1.5319927871620094
-2000.9302857585176,600,0,-1.804997689409266,3.058485269363814,0.5461766293032766
-1948.9082662782625,600,0,-0.3575000411194448,2.7795117023290152,2.5487384506854895
-2006.5789033885922,600,0,-0.5662305465617263,2.9175041335291776,2.215986938074444
-1978.711923917329,600,0,-1.8621038760331585,2.7447238715967273,0.74553846117161
-2009.5052379267054,600,0,-1.4174100477466056,3.016758842060402,1.0067888691006766
-1958.7239607200804,600,0,-1.7685026248337987,3.044754694695399,0.5901059011260675
-1897.7755952633581,600,0,-0.9045821267665641,1.8193694229614898,0.47033178982071533
-1963.599257900701,600,0,-0.02411604530975686,2.8377354028543835,2.461551786837081
-1971.070917516254,600,0,-0.7756455582056392,2.701133728312708,2.1405255217194945
-2015.9251372768774,600,0,-1.7558708816517152,3.0639558357395287,0.7868368091686999
-1956.8527301294243,600,0,-1.809144083355763,2.853668448484395,0.8421489608477779
-1988.0865175019233,600,0,-1.6016862071547684,3.1154459724097436,0.8986111044518408
-2032.5495482587255,600,0,-1.738000272925122,2.5091797320659635,1.0049780877346213
-1973.4389286182086,600,0,-1.7042302859477165,2.3634074032263355,0.6519399718785573
-1987.7281013421605,600,0,-1.5010353451788172,2.951138118902101,1.2154332788065205
-1968.5772973115734,600,0,-1.7179432734031745,2.4961760536431714,0.24039537779888076
-1926.0610519519544,600,0,-1.6184601442949944,2.8733185584727434,0.589357743499586
-2015.5546453686172,600,0,-1.9658997883233835,2.9036459208185974,0.3468509502442385
-2028.4479829084148,600,0,-1.8880256620861557,2.688038797734995,0.30597538609373276
-1994.6279813421345,600,0,-1.7987329151093225,3.0582629281857825,0.7231504154064381
-1979.8599812621737,600,0,-1.9548091982994544,2.847688107977632,0.2259081828526564
-2001.0222454236252,600,0,-1.5374669440022788,2.742428663877079,1.3062030683810502
-1955.7031330697746,600,0,-1.6664706570998509,2.306409794932635,0.7395277578933478
-1970.9428384837943,600,0,-1.558741361733732,2.7235090436273617,0.4518560437077034
-1703.7218431179056,600,0,-1.2866520368638692,2.8577439565273277,0.9541723355634883
-1908.90683893264,600,0,-0.2993592869559969,2.4238892237630534,2.759703056686415
-1882.7983286498988,600,0,-1.9621260965867298,2.8845943176974664,0.15664475330640282
-1916.5458233954405,600,0,-1.7014080391055282,2.3769393663714418,0.5632439553516999
-1922.1284312789062,600,0,-1.6504382977344327,2.765303639164158,1.1427012985884817
-2011.6933046718245,600,0,-0.8333394793312451,2.789061373595776,1.3236221057668023
-2006.1391664579544,600,0,-1.115993426229762,2.9490062905323717,1.6284930716849355
-1946.9290976359816,600,0,-0.7205171585873256,3.022159980718167,1.9660731103122264
-1994.6557515168738,600,0,-1.7386722841361881,2.407465956933712,0.8206847774114842
-2026.3540513037767,600,0,-1.8490712358005945,2.5951895720009293,0.44313093317644786
-1992.7763249581103,600,0,-1.1833484365742017,2.271952344894711,1.87208090404232
-1977.629818743857,600,0,-1.9911923391634065,3.065032590554086,0.18504175461555022
-1942.8883969898243,600,0,-1.2652527584951496,2.125196889742568,0.27691565427822756
-1908.0528326784101,600,0,0.2352198100307683,2.4232030493359966,2.268688992867558
-1830.2527395350792,600,0,-0.42942498592294653,3.004351529432831,2.3038388157037835
-1854.6466095977078,600,0,-1.1164146325410647,2.749919591822371,0.9857779500417829
-1840.8534353121934,600,0,-1.0605088167313035,3.0983436073200736,1.4660646416429415
-1957.3084174717062,600,0,-1.92114279668442,2.8144298745193606,0.09944821819167504
-1123.343497376141,600,0,-0.13433615947677746,3.1384544157798957,2.6141231297497463
-2024.7869078665183,600,0,-1.8226901558139952,2.7179748117993716,0.8485119221937896
-1928.7489010955378,600,0,-0.13523955370294893,2.4569604880744786,2.9491619581857247
-2048.386967211417,600,0,-1.9841663404972056,3.1315404748985145,0.1879556936349714
-2036.3347403452776,600,0,-1.5593405314700504,2.6301872346574937,1.3244597890481487
-2033.469951873724,600,0,-1.7358205943736063,2.85071722715344,0.9704702673159649
-1892.8098895065327,600,0,-0.49722725545036006,2.44760380616228,1.1517312602575411
-1986.2301315844306,600,0,-1.825893516513899,2.5714452359780378,0.7488670961154541
-2046.6629821930446,600,0,-1.6769087696916516,2.771201471450823,1.1010678943764205
-1901.6321800637834,600,0,0.024315094798528447,2.915861996806947,2.869943422646307
-1916.374536551089,600,0,-1.9962876160828176,3.100422290530007,0.034544540493842035
-1734.1608332668052,600,0,-1.2969281323456496,1.973824498334979,0.7276995726593146
-1860.850035012939,600,0,0.37566232658532317,2.1860976659724534,1.8778509111142263
-2020.8646578492053,600,0,-1.8324126018745872,2.681620391781568,0.10125460458244007
-1926.7213404501344,600,0,-1.0834888673535041,1.7188784977316338,1.0628574771089623
-1935.3180628899736,600,0,-1.2787510166833853,2.404424815248035,1.7394556934447323
-1987.5956874746391,600,0,-1.6777729909699548,3.1259688266877905,0.8102769313328957
-1966.594315688583,600,0,-1.7180040139208768,2.3950994595834194,0.9260145355752389
-1937.241730799652,600,0,-1.9737745621813625,3.0171998300559295,0.31703725199260374
-1943.0330852122654,600,0,-0.3464388124955804,2.8275028987167095,2.5341988657588765
-2018.391860115096,600,0,-1.7052559469726825,2.355843421109711,0.8423703508727117
-1963.8790556115694,600,0,-0.4641819760737267,2.6915354397139906,2.472269660720141
-1987.7498175378412,600,0,-1.2418259794832847,2.7576752318655338,1.6346558516797824
-1803.2724062395464,600,0,-1.247609340346628,1.9887848730256734,1.7232053875862348
-2034.4947715651924,600,0,-1.740573865079048,2.647120510853728,1.029303635547389
-1880.1113771113385,600,0,-1.9351628175592728,2.965419501449783,0.13932729988924364
-2043.757650203802,600,0,-1.9316036693021572,2.8039725587554525,0.4923187554092775
-1997.6722121129185,600,0,-1.7492940755170148,3.014662943275579,0.5846383312963392
-1931.8793037446108,600,0,-1.2702350166946013,3.0736785127653845,1.3626781758633606
-1889.548497493486,600,0,-1.288612402986534,2.532088580668372,1.6925040596601597
-2049.213171622114,600,0,-1.4896906643244048,3.017556492638101,1.1742641273613406
-1911.3095610548307,600,0,-0.6101114261253199,1.8692580926301927,2.521556009901178
-1715.7331899656383,600,0,-0.3159171566882933,1.554446494840266,2.8192371519259467
-1934.9638569726662,600,0,-1.4730062011116412,2.064048521706512,1.1087451277536395
-1964.442061734899,600,0,-0.9243023396425187,2.0848841294503204,0.06675582691823573
-1717.6451681793435,600,0,-0.010571014227580333,0.5114664815526058,3.119561045766192
-2030.9826741693867,600,0,-1.8153980637138256,2.65921741010443,0.10464049402515901
-1938.3223549568731,600,0,-1.8551000085718203,2.874605490430306,0.7392749045261987
-2003.7107940019143,600,0,-1.654239552790314,2.8915976546528173,1.065740210118245
-1903.5302962793915,600,0,0.15666628988995757,1.4430019734669814,2.984574644816874
-2045.6804421272222,600,0,-1.6209922004365582,2.8772317277924215,1.1200048103450158
-1876.4443283820633,600,0,0.14512032502542904,2.3988596335621946,2.8901109083504197
-1972.118152708042,600,0,-1.8654571115454956,3.046672620505889,0.42075785969827884
-1900.325700346245,600,0,-0.7982530059448796,2.2023111853802106,0.42210276107332634
-2003.9156127776437,600,0,-1.9917930643576711,3.013412367251098,0.13066405007641552
-2047.395815959987,600,0,-1.8509721404468353,2.931328839213359,0.7197478890743634
-2029.4659516912131,600,0,-1.6524405167525749,2.2817553175635226,0.8753433910249951
-1880.0919480681403,600,0,-1.3583055779152193,1.9698794472518544,0.9250472930381097
-1942.2073471920608,600,0,-1.5110506475324108,2.6187613574404054,0.34741044438293056
-1599.8427444263596,600,0,-0.8454276265933431,2.0299055853116617,0.04510572592887918
-2041.1449353736396,600,0,-1.8212830067411985,2.777525905700896,0.1162977880687881
-1903.8136707911215,600,0,-1.745522422800164,2.941124309457497,0.49843377874543593
-1966.7381613665218,600,0,-1.2933552219411513,2.6072892108856935,1.657579128454894
-1908.5652636919478,600,0,-1.6221676733358739,3.0645522007950707,0.8184529005537189
-1796.1189804536066,600,0,0.3896355069431331,2.224895153414151,2.286875561455034
-1937.3806858069613,600,0,-1.8715587864008252,2.675108456244673,0.6746880917473668
-1462.7950440695984,600,0,-0.9261895180008204,1.7102459037851911,2.0959014844970536
-1924.1117811129948,600,0,-0.9452313830031602,2.810974851410552,1.9020247145184344
-2024.0267225489904,600,0,-1.3123122658235065,2.097023313995895,1.671148924592071
-2011.179657697263,600,0,-1.8828153777622365,3.041900268205592,0.5779882920123225
-1765.0060070749098,600,0,0.0017361309800790758,2.262475919066614,1.3856154954067126
-2016.3915628371983,600,0,-0.9386451776425284,1.8516867075847037,2.1379732174154222
-1879.999894934402,600,0,-1.775036344625011,2.5986199479686927,0.948587898465298
-1718.489088834108,600,0,-0.023555732847609256,3.0520604272466274,2.9958012438745643
-1755.888588087151,600,0,0.8479645133267228,1.7040089866048787,1.5076504866208915
-2011.5510160431033,600,0,-1.212697746044694,2.8317651347140207,0.9976239204312825
-1923.6524047225666,600,0,-1.3754337811477269,2.5881728280613547,0.4650117900525351
-1929.4059558781692,600,0,-1.649312421910131,2.73309791901141,0.34164644882923456
-1986.0325814935593,600,0,-0.8851112097951035,2.0165680054620765,2.2246197501022076
-2004.2036233692488,600,0,-1.2614269371764373,2.1940585245591393,0.12142228054286808
-1859.325092117809,600,0,-0.5185042371466793,1.5848534815185822,2.598793481263582
-1527.3760512826273,600,0,-0.37996537545361064,2.8869110981835355,2.453787692566159
-1911.8199908740917,600,0,-0.03925791173888482,2.9323334688580776,2.581036412095962
-1934.3659699436644,600,0,-1.68867143651899,3.0976605460110496,0.7658775316018859
-1912.7654034841119,600,0,-1.2444630909797407,1.9707851437664656,1.7159468443384576
-1914.6358925717464,600,0,-1.8446243815684835,2.5848069054503826,0.46365304854760025
-2006.5034894915732,600,0,-1.9952659440028753,3.141035708333467,0.097898001289837
-1943.8258036624334,600,0,-1.7695222038011098,2.6890728849882777,0.06272128166704391
-1906.4897299056788,600,0,-1.163761250875555,2.302009954813844,1.8914070424570373
-2032.6175699193182,600,0,-1.7958319236683944,3.1028378381187336,0.6104201991151983
-1981.8242229652217,600,0,-1.1422811331757656,2.7798396610866307,1.7240384215051203
-1914.7350869989486,600,0,-0.28205328521450196,2.075959750930963,2.839723828632454
-2031.463563412427,600,0,-1.8659312681074578,2.6480691463616988,0.3216269871221902
-1883.0679478081345,600,0,0.48212075174981345,2.027233102303012,2.4225535373202387
-1961.4055387271794,600,0,-0.4638478443182604,1.8726441892998826,2.672402038048983
-2036.228828530883,600,0,-1.6269057731805763,2.267359833318121,1.0457892084601534
-1964.9624625090075,600,0,-1.592274266757283,2.2753348901896118,0.5318106631078519
-2012.0344658677384,600,0,-1.4833901253951889,3.0612097258492907,0.9821978579868532
-2000.5118471571518,600,0,-0.48810782015844223,2.2295965615273055,2.607173667122096
-1815.2432050156742,600,0,-0.6718060047252561,3.0145556552038366,2.023705986134444
-2031.4358425581888,600,0,-1.9812968238584587,2.966223265526807,0.0933057094524769
-1959.625747407478,600,0,-1.559081625491848,2.2577692771657727,1.2738946609131034
-1968.8164612855633,600,0,0.036112129294473494,2.8649503549100936,2.92676524366487
-2015.2286366738501,600,0,-1.4598536341709483,3.111145402213955,1.0619966987096359
-1939.1273001301226,600,0,-0.6937820336535774,2.2391130690419105,2.3990915871652234
-1811.57426401368,600,0,-1.1809419852834413,2.469920271398072,1.832958654481216
-1892.3366514555426,600,0,-0.6563983899069972,1.3816053081762714,1.1947524306269597
-1953.365525560015,600,0,-1.4334174929685752,2.169084148916829,1.4877191193982944
-1995.4468089100544,600,0,-1.9687900166655439,2.935069241384663,0.347777027296825
-1983.100774620037,600,0,-0.5785414516433319,2.22351102630482,2.517685788224934
-1718.6739138542275,600,0,-0.678701622505057,1.7184842261511206,0.4127415778443597
-2023.0353520335627,600,0,-1.795424277882768,2.5245245835892485,0.8181764869836771
-1850.5786563160082,600,0,-1.3011193823802065,2.3121651399213956,1.7240397869140867
-1951.032432682476,600,0,0.33433793956573277,2.237178701696564,2.5466842298164334
-1901.3678324558164,600,0,-1.3666767030302753,2.03561175078595,1.5127121222419486
-2006.5228393133816,600,0,-1.7843512179491914,3.0589056607337843,0.7463065661192042
-1942.172752277565,600,0,-1.0417907802663606,2.0183333933336383,2.039200512040272
-1856.9722437562452,600,0,-0.7805359810861303,3.098720238214836,1.833992060980941
-1886.3793862243208,600,0,-1.244865515204898,2.4894720324409096,1.7560767198530727
-2026.3622688367852,600,0,-1.8054036888736054,2.7485406962351036,0.09837742412901582
-2035.5874986630429,600,0,-1.7919827742098011,2.9013469514155044,0.8484012796266578
-1985.3562789942275,600,0,-0.5079371650588038,2.737629450118765,1.59101275451897
-1815.4036062609343,600,0,-0.35357088032779443,2.5522925860635604,2.6581983783695153
-1994.1829914593475,600,0,-1.5477209492382349,2.1883433409499857,0.702327568995342
-2009.7682116919589,600,0,-1.5045655547433898,2.562413574401167,0.26056509560896446
-1800.7805027176203,600,0,-1.1986916470632958,1.9859314889374682,1.80682646993363
-1931.2600881762398,600,0,0.193403308511771,2.507252494968925,2.554875630883767
-1948.6590078423649,600,0,-1.3193599834867418,2.321223589757275,1.7000348994036005
-1829.1511140481052,600,0,-0.04697200145550473,3.0065206797658752,2.670031421173837
-2007.2339714048926,600,0,-1.4075110080099584,2.75979275624215,1.4524937163837284
-1753.9649294653188,600,0,-1.3957485952929962,1.9844347362564907,1.045790464016195
-1971.781186407716,600,0,-1.5071167190401158,2.9072535878564256,1.2412800554235632
-1920.5897520166955,600,0,-1.1518756206412224,3.0541559359381316,1.3270278294452165
-1987.4167782589961,600,0,-1.9091544805994491,2.71239252005824,0.4461955870867549
-1449.168828119963,600,0,-1.3095844867197037,1.890458076776726,1.1545467690790585
-1921.308362035705,600,0,0.021841202616858735,2.7347688107346984,3.0822793163067073
-2033.5688810025865,600,0,-1.6714460447599542,3.062623215657865,0.9093938521265806
-1906.0538793894614,600,0,-1.2667075951196454,2.8593659321275604,1.5417508924491714
-1976.801738956106,600,0,0.015928662204524824,2.7871282293485615,2.4818427210889595
-2018.071700124614,600,0,-1.7707767854004297,2.6914992038596415,0.06474895146943538
-1863.1836862455984,600,0,-1.5519643425373921,2.1695517122588006,0.819245902991529
-2005.7210002149257,600,0,-1.6319198283301992,2.2757476123831735,1.0454009511603881
-1996.3865980114979,600,0,-1.657405824610934,2.560468086796652,1.1877790009423357
-1643.5835518862916,600,0,-0.2230743078509696,2.9776682859493264,2.603467357444049
-1816.3996747549875,600,0,-1.9438779038190812,2.9087340147952494,0.47483124512519675
-2048.668447586534,600,0,-1.8847687973370033,2.9520239387596945,0.2552627461827774
-2021.6439696614243,600,0,-1.7203358316168573,2.730124772566617,1.0486067823526606
-2010.189700652253,600,0,-1.5525870021628774,2.47586107586073,0.0322796840146653
-1830.6281334865366,600,0,-1.3562450315323011,2.572090828974942,0.46136522656497825
-1981.854327773306,600,0,-1.4668989053074406,2.70397948032613,1.4126553098645258
-1847.2869061447982,600,0,-1.8229368341582908,2.629913025794121,0.19738123151539932
-2006.9467970765704,600,0,-1.872094575721019,3.026399747762608,0.38242534050198285
-1877.6302522937785,600,0,-1.178463960000117,2.9211868212700955,1.5871335781816867
-1896.9441876265025,600,0,-1.5340511397693177,3.0962511222756293,0.9608536672170644
-2026.003558875871,600,0,-1.9403603506264329,2.8493237642083575,0.4781827702337017
-1790.3014583568872,600,0,-1.637372630573159,2.9562496901789053,0.6719328824653609
-1786.8435832140979,600,0,-1.6780302267417588,2.4935771898577332,0.15465631729768314
-1915.5957865115274,600,0,-1.5593767712840227,2.1734373098797626,1.0902428559357074
-1837.1386150522,600,0,-0.8810859586328517,1.6717073006521215,0.7943082015224356
-2032.2880443321626,600,0,-1.8748605462704657,3.0071540673724586,0.3522556549702803
-1905.4012502994908,600,0,-0.654360940128705,1.4550218157049164,0.9944228917118614
-1998.7622838122857,600,0,-1.2757496510519868,2.1259602056058355,0.29088530615581554
-1977.8365970407801,600,0,-1.9237529599452068,2.97558330684035,0.5214279776348693
-2000.5521734097013,600,0,-1.4743306741985935,2.128296992487231,1.3456901739728786
-1870.8380918287346,600,0,-1.3155335113956932,3.1114961146828195,1.27939674579021
-1657.9256292429939,600,0,0.6066671479622187,1.9587829291862153,2.1322482224511954
-1852.4188462090451,600,0,-1.0987868035943331,1.824688388418335,1.876228902938148
-1982.2201632802153,600,0,-1.3136552551494887,2.526163988786689,0.43508063477679426
-2004.6048932451936,600,0,-1.4475476225191783,2.7599128329439093,0.6428421841921458
-2033.6900981953997,600,0,-1.6874951560708746,2.4322082700267256,1.0892023390468564
-1980.530890175262,600,0,-0.5640618880709445,1.562699627854585,0.6172320015822298
-1914.1512627802483,600,0,-0.045256072596095875,2.996029625128335,2.9514204206427475
-1988.424743385798,600,0,-1.8306255289200386,2.7004519757186776,0.054975774735805116
-2052.7200433686926,600,0,-1.8140770896314402,2.677703451762115,0.8672221528166238
-1936.98637675347,600,0,-1.3987062004978141,2.914142759575531,1.3598790365499365
-1965.4347562015084,600,0,-1.300451790927883,2.9187566134956104,1.46243328928464
-1907.3589227685552,600,0,0.24706300294004102,2.2795972532340723,1.823974037459302
-1837.9930721690798,600,0,-0.607217849030846,2.0541598904704355,2.5152849628318155
-1981.1328751057167,600,0,-1.3437012233080239,2.8098361231176248,1.4929669394826366
-1984.0920606112334,600,0,-1.6742831279081907,2.8914473115284514,0.5376542539523205
-1977.4303848965699,600,0,-0.9976232874352667,2.8768003830403486,1.8031064846244511
-1845.3398016445578,600,0,-1.2384828769830758,2.0636796630632026,0.3786470671438311
-1887.6299211943126,600,0,-0.1591409953983508,2.51595935452873,2.90592555479717
-2026.5874241904585,600,0,-1.3771392014764325,2.0240517966987897,0.7671674268198179
-1989.3751575507686,600,0,-1.7956955067385156,2.8703962006658683,0.8588489784008145
-1878.2538488993312,600,0,0.22912754803289426,2.1852440973524185,2.819293955080964
-1990.8730776151065,600,0,-0.306503891809778,2.9957158777345234,2.468363932263109
-1900.070294971688,600,0,-0.18053315941402853,1.6952268639213792,2.9607086691816105
-1807.5080621324369,600,0,-1.006298650678,2.3338568217894906,0.4424330638952767
-1901.5618985414042,600,0,-1.376931319367028,2.8653587951435537,0.8667934236505488
-1829.3064473650911,600,0,-1.3327880863734956,2.712503306171296,1.5626430715124957
-2009.3751619462132,600,0,-1.6778811654769061,2.602009094814004,1.1490414548863521
-1915.0052488087354,600,0,-0.9346826376399382,2.51510051201707,0.8193860886523083
-1915.63357623059,600,0,-0.2669758590077854,2.550943855306516,2.760187033653933
-2040.7017630854784,600,0,-1.9261032147927635,2.888607405741803,0.5440680942085924
-1932.3381791049587,600,0,-0.412214519051583,1.990022289513833,2.7172057150061995
-1968.3355572809014,600,0,-0.08164249970506532,2.40852018220784,1.5605136018885024
-1974.0026603406018,600,0,-1.6236357042110736,2.244776559955876,0.9273180521585818
-2017.3095383948657,600,0,-1.233376346202367,2.777609978389686,1.6312497995806399
-1981.6722038490584,600,0,-1.9061917018829386,2.855910537823731,0.042213825804359506
-1940.157241716782,600,0,-0.7930716175913718,3.120097881375457,1.7574997876649536
-2013.9674913630686,600,0,-1.9040106891172004,2.838332952551309,0.6219628001317977
-1732.219978132126,600,0,-0.09248380516232613,3.043901891899832,2.794603137226519
-1325.3677538225413,600,0,1.6075343672724067,0.5133531252353034,1.2563689308480266
-2025.2813543410814,600,0,-1.17471718424783,2.0193424590615576,1.8583969886427247
-2015.2975453311121,600,0,-1.7352840577557478,2.854504102940471,0.395073041274574
-2012.8821810644597,600,0,-1.7425980603483326,2.4966447940654533,0.9828055091384418
-2010.740223155907,600,0,-1.9253761699485548,3.1002376789532318,0.3451526827827103
-2051.450874403186,600,0,-1.7150535995164167,2.4681572723054033,1.0405415947995897
-2011.8227960704946,600,0,-1.6647291143508265,2.786314743357451,0.40131464412284334
-1878.4337965267414,600,0,-0.8015964639944679,2.3514563049180914,0.6826551543433312
-2008.4909132082878,600,0,-1.4945127891257455,2.745055493035509,1.3582587479719412
-1950.4647656456289,600,0,-1.506267097140364,2.1328713796364793,1.240218608798068
-1901.3482571011634,600,0,-0.7274209568725953,2.4605686901894592,2.301348029582656
-2029.6305287674588,600,0,-1.928604242773077,3.1068764975584924,0.3438195185829014
-1942.6650118554676,600,0,-1.5631941917034822,2.331148551943369,0.30305782190188263
-1941.4859924929556,600,0,-0.22095768593234744,3.1165172306510933,2.438356531110757
-1831.3450806316648,600,0,-0.953410186686241,1.524279386769164,1.6307034550983832
-1952.5297648868889,600,0,-0.7300244738999986,2.740025196023523,2.163958826432322
-1991.935565004577,600,0,-1.4327201378304777,2.7769774967122935,1.4135911013783171
-2017.153294329042,600,0,-0.8979320104598142,3.039432744968361,1.5656426912656496
-2002.8440909331111,600,0,-1.5980007068194513,2.390569407287355,0.22939644253348013
-2012.2442365975187,600,0,-1.438618385378652,2.7079409553085863,1.4444541846382046
-1996.6036104502232,600,0,-1.3438178184354745,2.728243981207794,0.7151280897830231
-2039.4164685332764,600,0,-1.9242068004505142,2.7507418590098505,0.4183639306878465
-2002.9999096928175,600,0,-1.8000893529501143,3.116420929178606,0.6679956206122659
-2011.5556615335247,600,0,-1.608946018772175,2.7397048633564745,0.4093218446488162
-1919.0502914832575,600,0,-1.459043434190187,2.909994618655411,0.8319857687544322
-1856.3417749097553,600,0,-1.0465318748040031,2.837455864749234,1.7823749531767192
-1979.5876086613239,600,0,-1.946254032375521,2.8731076923339924,0.45808266012591553
-2025.9535608842016,600,0,-1.905324676857917,2.916745183315994,0.5998776956119594
-2026.8815639281945,600,0,-1.3769979031981459,2.890939765815721,0.8996102818462544
-1967.8678663775386,600,0,-1.701454371999838,3.00055222079608,0.6382902483004823
-1918.452409804818,600,0,-0.5368193648694,3.113080372887747,2.0804307142325524
-1810.8717291533542,600,0,-1.1398355027618776,2.4147017083585407,0.4404578908964156
-2023.4408439619833,600,0,-1.8701927101542002,2.9784318794392437,0.32440911293460095
-2032.0779792349435,600,0,-1.783208854762079,2.5221951692789792,0.869122314817561
-2026.7994869444192,600,0,-1.8303077463175064,2.9990216933481193,0.7152471909523935
-1986.370797896536,600,0,-1.0644895179537164,2.510294639916767,1.9419423737086534
-1926.1586639288168,600,0,-0.503697698160302,2.230242225164223,0.7686441105355108
-1972.8951338796376,600,0,-1.2923937826461944,2.830434394022894,1.5345972269403025
-1896.8120761120763,600,0,-1.7470352751933702,2.461921478965893,0.4310630371913196
-1963.3313647208429,600,0,-1.8256231192608916,2.5870709799101137,0.7764685892986889
-1992.6296173887288,600,0,-1.7972324621872926,2.5828010685667877,0.8784714392759927
-1885.408893965363,600,0,-1.7568743946144676,2.4686895714419643,0.4481932418656543
-1883.2848758696982,600,0,-0.3782584217248599,2.736385026038453,1.7369315943068682
-2013.4189909369084,600,0,-1.7116343549161854,2.4723361034091846,0.28573117539345083
-1786.0606478044806,600,0,-0.043677459254013784,1.7976784293987205,3.0969812970812005
-1835.0157155988704,600,0,-1.1458846053227942,2.576354765048828,1.8298490838824097
-1933.0155485577377,600,0,-0.5445967348426906,2.7062984661851193,1.5060748158725763
-1993.4406969649554,600,0,-0.8632544905847732,2.6091596382369007,2.101549398401064
-2022.2143429494324,600,0,-1.9170180646518966,3.0486604719297272,0.3063683539250801
-1908.3918162895393,600,0,-1.993256270249145,3.0254833288478573,0.12071617464626327
-1910.67073561595,600,0,-0.5094515713270231,2.9676975461663258,1.8923957188669216
-2005.1225131637175,600,0,-1.8406892061695133,2.799921443929212,0.7961426522375918
-1846.7573478273064,600,0,-1.445755720405479,2.1214174062384963,0.6239881435690846
-1995.3445073548378,600,0,-0.9128870627468493,2.550753132334506,2.0791285156970485
-1758.9102547444566,600,0,-0.5236679009571976,2.731164546172683,1.5645669552799035
-1974.8552586885116,600,0,-1.5419481496872312,2.6577934227227638,1.3381423519038553
-1985.7240905199933,600,0,-0.3130589502043567,2.9051294229331477,2.5268991159486953
-1984.264539345904,600,0,-0.617508579783093,2.9934773141596103,1.8033507619194244
-2050.135917816822,600,0,-1.73266752243734,2.3932786395114736,0.7298996661075448
-1883.8523275570772,600,0,-0.1317644911892213,2.503063905891289,1.6681061850384171
-1988.5112648507618,600,0,-0.6522460151240653,2.43477369745817,0.9723750580931596
-1998.2482882143233,600,0,-1.381294295592408,2.9915743851722185,1.3174382378581977
-2004.5450832111512,600,0,-1.8369399463299454,2.650783509409837,0.1896327527188476
-2034.9759877763327,600,0,-1.7455766209954826,3.098153397148656,0.6845407445249283
-1934.9476451586133,600,0,-0.13200341435148732,2.3998165015966424,2.962672894945328
-1928.0050836367234,600,0,-1.2681184331747475,2.702385038504774,1.6384867378578751
-1965.4383195198884,600,0,0.43816421104507497,2.1001997702283743,2.438913773678625
-1997.4899298775101,600,0,-1.8333991425084317,2.6300000594562962,0.7902223540938853
-2010.1729517557746,600,0,-1.3277715380597628,2.4237089615559824,0.24083148016709283
-1848.6750189653426,600,0,-1.5852193586475014,2.5087205903454253,0.04503467659132954
-2015.8980156713662,600,0,-1.854765376139244,2.9643659864138994,0.33749666212554114
-2057.815786354913,600,0,-1.9127382663142156,2.871307014465066,0.5908948702372526
-1937.3522588134392,600,0,-1.8721303058908814,2.852893093971473,0.1302534109662199
-1907.1602903128532,600,0,-1.2150875225006574,2.7153177680255713,1.6875788134682295
-1973.0076252891347,600,0,-1.0683425296595255,2.8246071498150718,1.7693419459165862
-1944.008864346658,600,0,-1.3210340682408686,2.991660388981775,1.3820374542106417
-1964.4432642385286,600,0,-1.3132662591999922,2.5675739052515016,0.5034711031038284
-2035.7691764990461,600,0,-1.7986528699650863,2.5394465201001335,0.828322610811795
-2034.030349041799,600,0,-1.789991881444771,3.0832943559940023,0.7155230371835004
-2006.389439870311,600,0,-1.3338367190243554,2.741416600161515,0.745045562227412
-1917.0190605378625,600,0,-1.135698012074421,1.7336906402058,1.6385295826510793
-1900.162787101247,600,0,0.3026342066473042,2.293896079308162,2.0260611094607848
-1873.6558649404528,600,0,-1.886824378197197,2.6859843732645334,0.30600867199959275
-2044.5858116067122,600,0,-1.8837798399338892,2.669847052572489,0.3533842443553211
-1995.2209150753583,600,0,-1.4848063612878033,2.993035048668268,0.9034590278971416
-1973.1263528254642,600,0,-0.9446555130846543,2.77841992510878,1.924087825992502
-2003.8085958667846,600,0,-1.518363240597755,3.1196138821544395,1.0035992417530601
-1911.4587296071284,600,0,-1.1729784173516895,2.189033570187334,0.01701283697022686
-1901.4557919021508,600,0,-0.7182729413780559,2.6212823797270604,1.20043942464557
-1961.474644729582,600,0,-1.5073375571857532,2.521801190399126,0.18489396877695144
-1970.3302186840833,600,0,-1.4482520825775431,2.487761518679183,0.20345377534970943
-1658.6505660384776,600,0,-1.9626573687419213,2.884401294931956,0.16280757363526327
-1919.9953934833752,600,0,-0.4015588133470502,2.229872909500169,0.8714987953389053
-1904.2716972766636,600,0,-1.6760836815775377,2.769675572582759,0.3591665941711262
-2031.2073522766716,600,0,-1.2064885960945855,3.116671021624331,1.3874157336368333
-1977.7406624804514,600,0,-1.5836371249555903,2.2284402450708,1.148714711613764
-2042.3638785075434,600,0,-1.9676304892142622,2.8880233738490575,0.2815954920990971
-1920.5559100450612,600,0,-0.6590614540975999,2.9726115820234185,2.0725821729566984
-1887.6170053498868,600,0,0.04913519554373924,2.8062090509683757,2.9209950368238253
-1973.497509326356,600,0,-1.3537903136699603,1.9684703372714,1.4326339940239117
-1995.5862280792537,600,0,-1.34605964232492,1.9384383474617641,1.039531469985051
-1914.309785676583,600,0,-0.41862098796823216,1.5452699669826018,0.4857456320518398
-2005.9835080826372,600,0,-1.6298734780916342,2.279230452569408,1.0665401068337002
-2015.6226709688738,600,0,-1.9735448173023706,2.921545824436974,0.28850596299730125
-1818.4495712147368,600,0,-1.706211635262944,2.473792195515915,0.2677105587293954
-1930.996604436308,600,0,-1.1468853759276538,2.003567775295971,0.38189535015322074
-1974.1258018844571,600,0,-1.8837861164288454,2.967794436415463,0.2798573391427768
-1958.8258945228572,600,0,-1.6167529877500673,2.646733132014318,0.24773361837544824
-1962.3881330418399,600,0,-0.46142029778503163,2.5659230599459404,2.5334612629572417
-1959.5774980427072,600,0,-0.18112916326865125,2.9148022903515463,2.2601569793298357
-2017.8859292761754,600,0,-1.1110858095422367,2.701795511255114,0.9232604717805473
-1991.038565148061,600,0,-1.72937556335658,2.4176906089984147,0.9234892722517385
-1940.2768121741358,600,0,-1.8359982986568095,2.7375491156052205,0.0074625104841654355
-1895.110784156779,600,0,-0.3161476169255245,2.6298870407857846,1.6483711696854035
-1895.4050538824397,600,0,-1.4668466744872501,3.0744448448713992,1.149672445146732
-2024.466620687386,600,0,-1.9353645550460838,3.0831316965656157,0.41510745822757067
-2001.2683510686004,600,0,-1.5347263880110125,2.9458032474644695,1.1796262273751152
-1991.376814394289,600,0,-1.622550581046835,2.8575698509179337,1.1305147104468973
-2005.184123985104,600,0,-1.291448236805298,2.083169608689833,1.6999196437310742
-1938.8536802919232,600,0,-1.9410843812249778,2.946940616487075,0.4785555989757789
-1946.2602690324886,600,0,-0.2463844266483768,3.102648109685618,2.3842443851680715
-1934.8482858313557,600,0,-0.6759808509304365,2.606969069374168,2.2909622891792214
-1957.9029243894818,600,0,-1.7995563278914946,2.9893081112410256,0.4724315034055875
-1953.6646545627536,600,0,-1.822333271447885,2.5629313158905953,0.7512835191374709
-1770.141533016153,600,0,-1.1238965380840538,2.2967443685163764,1.9375910908658462
-2020.947897960434,600,0,-1.8801519340429107,2.9941799910608595,0.3238460702501875
-1865.484152775729,600,0,-1.9690507068116734,2.892952709579491,0.22877498005895808
-1907.6897608290074,600,0,-0.10131571658541116,2.973644238394665,2.824410496882247
-2025.890116059564,600,0,-1.334310715762912,2.4703484071291175,1.6581641241415341
-1958.1265607856321,600,0,-1.4696750831168943,2.928496942833318,1.269168547797189
-2019.9652908186927,600,0,-0.8562092053214942,2.654671758047964,2.0852892902966182
-1931.7548226024724,600,0,-0.6903103054983801,2.8938565306106407,1.6059791381185726
-2043.8099205164876,600,0,-1.9255136772239012,2.753208337678463,0.39249273258487044
-1978.587917823969,600,0,-1.3390761269285183,2.4075292004807487,1.6655799232439046
-1795.4595133073058,600,0,-0.18642599330452225,2.7022254117013196,2.811943444549046
-2009.4134476847037,600,0,-1.7795151984652051,3.134437637677663,0.684019002253721
-1743.9274970285776,600,0,-1.8118266558411982,2.5188169066700152,0.5932497370353136
-1998.402662637327,600,0,-0.6381498788002853,2.2802508089959677,2.445408656237673
-1645.6109513606837,600,0,-0.7031267948112314,2.9143511578121855,1.618157767761921
