reward,final_position,max_position,success,mean_abs_action
-34.008304485077716,-0.40086427330970764,-0.364586740732193,0,0.5027813924950075
-33.626531183934695,-0.06665529310703278,-0.06665529310703278,0,0.5035141919929724
-34.860288774356796,-0.41258543729782104,-0.2575747072696686,0,0.5101127301187098
-32.383564919641046,-0.97793048620224,-0.09185358136892319,0,0.4945939134357048
-33.51648506251712,-0.7033473253250122,-0.16097392141819,0,0.498809692976009
-33.40448565649016,-0.403507262468338,-0.0619146004319191,0,0.5036697343735419
-34.00510111723891,-0.7072132229804993,-0.14770515263080597,0,0.5061960944684059
-32.0535728009917,-0.9232622385025024,-0.2536727488040924,0,0.4857810655017607
-33.00814234587636,-0.513684868812561,-0.20698049664497375,0,0.4990784400325029
-33.168510037969355,-0.9270845055580139,0.09196516126394272,0,0.4987823502559148
-32.904678250210395,-0.3459473252296448,-0.2445986568927765,0,0.4934947843539521
-33.59426608851173,-0.4535696506500244,-0.20551498234272003,0,0.4976229731585375
-31.614262579961164,-0.49048787355422974,-0.36196407675743103,0,0.48540090649306344
-35.200278099208795,-0.6164718270301819,-0.2364550679922104,0,0.5178854831776282
-32.7845217698319,-0.6299951076507568,-0.2984714210033417,0,0.49720978345924727
-34.44172767296446,-0.16262270510196686,-0.134020134806633,0,0.5113421892996661
-32.48839295732068,-0.2804698348045349,-0.26636406779289246,0,0.49280404274717104
-35.05434513904878,-0.7913236021995544,-0.13557960093021393,0,0.5139169321182845
-34.20768314831154,-0.5809820294380188,-0.17846328020095825,0,0.5088270613603789
-32.560734457471085,-0.6834191679954529,-0.21024546027183533,0,0.4947274083993858
-32.292234193708346,-0.8621500730514526,-0.18995316326618195,0,0.49145152729220903
-33.175885227564436,-0.26139718294143677,-0.13806232810020447,0,0.4983006476415778
-34.25483099553267,-0.5380970239639282,-0.326093465089798,0,0.5051153355486201
-33.4136558523754,-0.6641491055488586,-0.29495716094970703,0,0.496437875897618
-32.6991593876389,0.03133535385131836,0.38558483123779297,0,0.49555685396424615
-31.528254742390533,-0.5409271717071533,-0.31890207529067993,0,0.48335102067591884
-34.69226580353011,0.05131613090634346,0.23283489048480988,0,0.5122201120643398
-33.32849190388079,-1.003319263458252,0.14133943617343903,0,0.504052386430136
-33.33381981619521,-0.2412281185388565,-0.21393655240535736,0,0.49958272592548664
-34.7035884096241,-0.8293866515159607,-0.2742525041103363,0,0.5134476255282883
-34.48842657373417,-0.6202252507209778,-0.33725857734680176,0,0.5078030839382724
-33.81646335660002,-0.08973529189825058,-0.03582984581589699,0,0.5064101411849411
-33.83288835635036,-0.7295854091644287,-0.2887630760669708,0,0.5019235758086001
-32.677865441314815,-0.7816543579101562,-0.1414642482995987,0,0.4919437702353186
-32.87829227487735,-0.5018476247787476,-0.2937801778316498,0,0.4944498975034309
-34.00111211505095,-0.8353107571601868,-0.1946188509464264,0,0.5094445489153072
-33.66685362980035,-0.017003389075398445,0.022176416590809822,0,0.5032647046758615
-32.92606725358114,-0.021040668711066246,0.03597010672092438,0,0.49615686433501033
-33.110310788319225,-0.40261727571487427,-0.326879620552063,0,0.5006242194388645
-33.50688478708192,-0.6587890386581421,-0.25540411472320557,0,0.5012436268770288
-33.02799000338749,-0.38875439763069153,-0.15535509586334229,0,0.497518446042414
-33.23224942141374,-0.68294757604599,-0.1876833289861679,0,0.5015403671203602
-32.5557440750611,-0.3512011766433716,-0.11037731170654297,0,0.49438551247817464
-34.2022027990786,-0.25991904735565186,0.013314761221408844,0,0.5111538240400789
-32.480469452934756,-0.7100485563278198,-0.3344595432281494,0,0.48994471665417283
-32.83643162335082,-0.46164965629577637,-0.12280743569135666,0,0.4934309084833053
-33.27718423121814,-0.35160863399505615,-0.05516421049833298,0,0.4991103388373512
-34.50716405255178,-0.5356452465057373,-0.29847708344459534,0,0.5121484092899129
-31.471418196874694,-0.5095120668411255,-0.3045414686203003,0,0.483877190255718
-33.497549501314595,-0.8149959444999695,-0.2611379623413086,0,0.5016263453070786
-33.70965416423173,-0.6550912857055664,-0.29259219765663147,0,0.5024832858525679
-33.04304580560832,-1.1331607103347778,0.1941763013601303,0,0.49848251693389817
-32.97511863344799,-0.2871466279029846,0.07197888940572739,0,0.49968754404058513
-34.47505728512668,-0.8572977781295776,-0.010299227200448513,0,0.5069331488521021
-34.06302761798623,-0.6372371912002563,0.06831248849630356,0,0.5032941514812713
-31.78182940503319,-0.6555978655815125,-0.3300251066684723,0,0.48678293667180844
-32.59418810995272,-0.499515175819397,-0.28592991828918457,0,0.49476479832875403
-31.97685322500459,-0.7847932577133179,0.0018742864485830069,0,0.48624051818206954
-33.54705299827607,-0.5677599310874939,-0.29489874839782715,0,0.5040375093118816
-32.50303126785091,-0.6720240712165833,-0.2627391517162323,0,0.4942926768051764
-33.17266207340142,-0.6072278618812561,-0.20602235198020935,0,0.4976600102865388
-33.9307636614437,-0.5597231388092041,-0.29621976613998413,0,0.5047951620612834
-34.17367127696427,-0.38403964042663574,-0.3051391839981079,0,0.5061622315715231
-33.15262938031686,-0.3809216618537903,-0.3809216618537903,0,0.4985073948440507
-34.38755757250431,-1.1443166732788086,0.030710017308592796,0,0.5114515898435762
-33.33566954492489,-0.363657146692276,-0.17008163034915924,0,0.5007005289271956
-33.268451578137665,-0.5954750776290894,-0.17984247207641602,0,0.4993184627505516
-32.74745547179446,-0.525560736656189,-0.14349086582660675,0,0.5020902393786288
-32.24853214897738,-0.5344153046607971,-0.23301678895950317,0,0.491334028862854
-34.187659040054186,-0.5897377729415894,-0.2699466645717621,0,0.5085225488089871
-33.65753960684436,-0.5875483751296997,-0.16485480964183807,0,0.5025573346092159
-32.98301240891944,-0.3875976800918579,-0.20632991194725037,0,0.49962723472955506
-33.38784593430952,-0.6480222940444946,-0.24297773838043213,0,0.49912008637020755
-33.667781040344636,-0.43154212832450867,-0.24952080845832825,0,0.5055657908558604
-33.074105744025395,-0.6589018106460571,-0.17269839346408844,0,0.49753649273931094
-35.189391184268395,-0.4968336224555969,-0.32770198583602905,0,0.5183620383641273
-35.003328732712596,-0.26842057704925537,-0.1344134360551834,0,0.5183260619666268
-32.54399671591007,-0.3266705572605133,-0.29200372099876404,0,0.49210518608228665
-34.29627117935011,-0.47481614351272583,-0.2516641914844513,0,0.5134600237157079
-33.64925853452903,-0.42898789048194885,-0.21217301487922668,0,0.5043708594555599
-34.01617712780311,-0.2270270586013794,-0.0734177753329277,0,0.507403677768819
-35.57687421502136,-0.8162896037101746,-0.10984844714403152,0,0.5158342102729436
-34.05967222741242,-0.2520895302295685,0.041406333446502686,0,0.5083310180898379
-33.574188906075925,-0.6892988085746765,-0.24691617488861084,0,0.5018544374973347
-33.24907636278134,-0.5571553707122803,-0.30691441893577576,0,0.5038726921926869
-34.46178119269538,-1.0253911018371582,-0.1269582360982895,0,0.5118655971111823
-32.987604771061235,-0.5892499089241028,-0.13027653098106384,0,0.49625130573222814
-34.6240400472106,-0.33617302775382996,-0.1665286123752594,0,0.5099538137192767
-32.504001604096835,-0.3203268349170685,-0.23791366815567017,0,0.4942166620837613
-33.508866147770746,-0.5918645262718201,-0.24771519005298615,0,0.49943321700885174
-32.7260456786989,-0.3763558566570282,-0.3039197623729706,0,0.4961125162833075
-33.39007898121121,-0.5588477253913879,-0.30207139253616333,0,0.5006068880925327
-33.16131956854139,-0.8864144086837769,0.19433677196502686,0,0.4973484903206448
-32.6284727177207,-0.09807304292917252,0.08979526907205582,0,0.4925958831572625
-33.30638099154432,-0.6393810510635376,0.14507904648780823,0,0.49686384597025046
-33.23387960301575,-0.10256682336330414,-0.054740987718105316,0,0.49962967300733496
-33.0414252930096,-0.2666904628276825,-0.19535964727401733,0,0.49708774449177656
-33.51094722635783,-0.4665271043777466,-0.3703344166278839,0,0.5058219498014651
-33.46719271156311,-0.6961524486541748,-0.23978972434997559,0,0.5012507221289305
-33.85669182766591,-0.6878332495689392,-0.2681991159915924,0,0.5036491482286773
-31.011344168751545,-0.5928800106048584,-0.3845992386341095,0,0.47670469555383976
-33.954755529438856,-0.9703927040100098,-0.07211704552173615,0,0.504758867232858
-33.60110520154811,-0.4953206181526184,-0.15252305567264557,0,0.5046395076162837
-33.91369489956225,-0.05683039128780365,-0.003128734650090337,0,0.5055728143368203
-34.667461760218,-0.680683434009552,-0.30140161514282227,0,0.5181550638311103
-33.27283004983913,-0.5466651916503906,-0.32095202803611755,0,0.49836367993973085
-32.47192108228571,-0.2463790476322174,-0.10836309939622879,0,0.4936080036751993
-33.51388143102068,-0.9495290517807007,-0.0731031522154808,0,0.5001984129224468
-33.50860594364324,-0.5514649748802185,-0.2101684808731079,0,0.5009090751556361
-33.052969862299626,-0.4268838167190552,-0.29617276787757874,0,0.49968392661485067
-33.560801218058174,-0.27417221665382385,-0.12806403636932373,0,0.5014034875089306
-33.41299982212351,-0.5788637399673462,-0.34870490431785583,0,0.501109178899461
-34.10335030602619,-0.5486034750938416,-0.2207976132631302,0,0.5086049332855725
-32.59115505959426,0.050421684980392456,0.1520414501428604,0,0.49549722316576067
-33.519956022695965,-0.5594296455383301,-0.3555683195590973,0,0.5043089561509546
-33.07428367038955,-0.644283652305603,-0.2719254195690155,0,0.4976052247698431
-35.01889391551746,-0.14776943624019623,-0.07647977024316788,0,0.5156666773180694
-33.92932799163683,-0.5991072058677673,-0.15967029333114624,0,0.5081051667642735
-33.762677469678415,-0.4288662374019623,-0.31836411356925964,0,0.5053848320129071
-32.52415947556659,-0.371332585811615,-0.23941786587238312,0,0.4870113029264266
-34.53523428556217,-0.789962112903595,0.2314816117286682,0,0.5138851063576341
-35.481460266931215,-0.5263465642929077,-0.3440706729888916,0,0.5187424683274032
-32.64735381581699,-0.3449256420135498,-0.19780030846595764,0,0.4918283280138429
-33.97810482238974,-0.21528950333595276,0.11038872599601746,0,0.503608327278321
-32.13501274976408,0.030372370034456253,0.23593178391456604,0,0.4850763559398939
-32.583771799816695,-0.3864039480686188,-0.2226097136735916,0,0.4923140246706485
-34.0081225060154,-0.07491746544837952,-0.07491746544837952,0,0.5056999938255772
-33.67356067629264,-0.21994365751743317,-0.05964208021759987,0,0.5045606717466142
-31.89554640532324,-0.2937527596950531,0.0035120374523103237,0,0.48488550942115094
-32.671452650844984,-0.4749831557273865,-0.2652990520000458,0,0.4903938791968532
-32.343095346971964,-0.4078230559825897,-0.288750022649765,0,0.4909561566788949
-33.26703374987811,-0.6144038438796997,-0.249768927693367,0,0.4972851905876559
-33.44419943401214,-0.34719792008399963,-0.22969065606594086,0,0.49695797220200627
-33.311168502025986,-0.5866560935974121,-0.39323076605796814,0,0.5002076657978609
-34.88141326809256,-0.7976548671722412,-0.107944555580616,0,0.5139100604929036
-34.1208798652721,-0.25386813282966614,-0.19077017903327942,0,0.5075904512168827
-32.673136055903726,-0.43929335474967957,-0.2779929041862488,0,0.4988495820691134
76.45220137357923,0.4507768750190735,0.4507768750190735,0,0.5172951820988031
-32.30668359384911,-0.6702353954315186,0.043020669370889664,0,0.4890895978267024
-33.140387136450094,-0.5195897221565247,-0.22174528241157532,0,0.4981052051104877
-32.91204720206296,0.10227300226688385,0.1140686571598053,0,0.49908907852343376
-33.29947142312251,-0.7207439541816711,-0.29323285818099976,0,0.5027786793602813
-32.75960987863144,-0.6548129916191101,-0.2390541285276413,0,0.4945302565301954
-33.266656509704305,-0.4908449947834015,-0.3031403124332428,0,0.5049034635713734
-34.21270127868189,-0.6532572507858276,-0.24086901545524597,0,0.5083516321427995
-32.998550200715286,-1.093044400215149,0.12403314560651779,0,0.49631030402943127
-33.40901593779029,-0.43025481700897217,-0.1400097906589508,0,0.5039038259980131
-32.5181921078401,-0.40435701608657837,-0.24770227074623108,0,0.49657502826603894
-34.16618046590912,-0.4258866608142853,-0.29271554946899414,0,0.5096978985263292
-34.310567163029496,-0.33326399326324463,-0.08332829177379608,0,0.5111150587023864
-33.48887919311358,-0.338406503200531,-0.07130170613527298,0,0.5011638419091323
-32.9880758722121,-1.1017169952392578,-0.06535081565380096,0,0.49631795740883994
-33.34203598037341,-0.49896854162216187,-0.18703070282936096,0,0.49725220897445316
-33.463520462816554,-0.42374616861343384,-0.3915368914604187,0,0.5011741980594121
-33.29241107017084,-0.5833670496940613,-0.3380361795425415,0,0.4996366860370701
-32.55287911483045,-0.4605197310447693,-0.26870325207710266,0,0.4926806793144267
-33.69880888184231,-1.1019227504730225,0.018412478268146515,0,0.5064591291897536
-33.14885728427222,-0.971064567565918,-0.06784245371818542,0,0.4956194768036857
-32.08186545398181,-0.7567890286445618,-0.23420670628547668,0,0.48658128041872856
-33.13271608337354,-0.3962460458278656,-0.2653300166130066,0,0.49863467935198413
-34.87004742571515,-0.5488473176956177,-0.10304037481546402,0,0.5107282606539437
-34.11220870461526,-0.9867799878120422,-0.08844432979822159,0,0.5090921781982204
-31.741371083054748,-0.5278658270835876,-0.4016968905925751,0,0.4860739836102101
-33.42499935908014,-0.014830868691205978,-0.014830868691205978,0,0.5050709003972862
-32.982081838720475,-0.8725982308387756,-0.0323043093085289,0,0.4937639746432625
-33.885412552340995,-0.4965553879737854,-0.17014020681381226,0,0.5066978699563572
-34.17498846566976,-0.6019426584243774,-0.11309922486543655,0,0.5073940681211568
-30.93693957328635,-0.5665882229804993,-0.2344485968351364,0,0.47741479468119385
-33.81969749634994,-0.4307830035686493,0.08667421340942383,0,0.5016948084165568
-33.9742040621227,-0.5713009834289551,-0.3333818018436432,0,0.508290271125643
-32.96077771332647,-0.6382293701171875,-0.3886067867279053,0,0.5018216636317602
-33.520244749418964,-0.507831335067749,-0.14140865206718445,0,0.4995259033694693
-33.39832776229547,0.31291577219963074,0.31291577219963074,0,0.5025400485160777
-32.50719572311391,-0.6439799666404724,-0.253241628408432,0,0.49224831945229286
-34.973268023284135,-1.1114221811294556,0.04268946871161461,0,0.514022704445523
-34.2137058438479,-0.6529085040092468,-0.20145682990550995,0,0.5114347948471328
-33.27905236670734,-0.6279906630516052,-0.23125462234020233,0,0.5004975428756744
-34.11055192834562,-0.3628048300743103,-0.1872672289609909,0,0.506145296840219
-33.01801107653985,-0.2231697291135788,-0.15086711943149567,0,0.4976981793147711
-32.92712710036371,-0.3778682351112366,0.2935302257537842,0,0.5015335668541921
-33.00128639203987,-0.40804794430732727,-0.14076407253742218,0,0.4955495795627437
-31.804135659154817,-0.39448583126068115,-0.22377999126911163,0,0.48853345588271135
-35.0090015323983,-0.26869863271713257,-0.17080655694007874,0,0.5121233176661527
-32.25323916852552,-0.603285551071167,0.1272263526916504,0,0.48843881257043387
-33.35840576822745,-0.25492429733276367,0.05254104733467102,0,0.49977620534418904
-34.550120514010885,0.042440518736839294,0.28166714310646057,0,0.5103557329872871
-33.24536007705417,-0.5292858481407166,-0.07077975571155548,0,0.4991116716211347
-33.50478871667059,-0.6491712927818298,-0.32677918672561646,0,0.5062593706212616
-33.78840144666506,-0.27688315510749817,-0.1680193990468979,0,0.5025701299968427
-32.73497919520391,-0.8117286562919617,-0.030788276344537735,0,0.4946172431682808
-32.66272805149575,-1.1595698595046997,0.10908588021993637,0,0.4955758993838773
-33.3515114238163,-0.603763222694397,-0.3789758086204529,0,0.5011434759904474
-33.79996657585235,-0.6850372552871704,-0.246466726064682,0,0.5080779765525197
-32.86814986745926,-0.641772985458374,-0.3587721288204193,0,0.49568957338998515
-31.588780465332714,-0.3222600221633911,-0.2393752485513687,0,0.4831711211595106
-33.934403758791284,-0.7799617052078247,-0.1180012971162796,0,0.5037872592305151
-31.815216108131118,-0.8031184673309326,-0.16588734090328217,0,0.48481732220975104
-32.717242804062074,-1.0939658880233765,-0.030059106647968292,0,0.49871600862031124
-31.371346831771522,-0.6134844422340393,-0.2370527982711792,0,0.4800667484461967
-33.034892407300994,-0.6001275777816772,-0.14082233607769012,0,0.5035262604940215
-32.50869298004346,-0.9322179555892944,0.17345044016838074,0,0.4922407763050841
-33.315252028800536,0.012204124592244625,0.24477502703666687,0,0.5032150814659996
-30.958330447821265,-0.6823458075523376,0.12935185432434082,0,0.4778483291747989
-33.57568236101438,-0.8185619115829468,-0.042384374886751175,0,0.5004869949079767
-34.216693200542075,-0.40448591113090515,-0.3509349226951599,0,0.5086197919581454
-33.17357275121262,-0.384112149477005,-0.25163066387176514,0,0.5007510382996255
-31.62484524628577,-0.6317984461784363,-0.010221816599369049,0,0.48393286785795575
-33.925449060037906,-0.3881582021713257,-0.27195802330970764,0,0.5076407799718948
-33.580008325743435,-0.8962868452072144,-0.22957949340343475,0,0.5020934046154983
-36.00753869585322,-0.9185643196105957,-0.035749778151512146,0,0.527805524972012
-33.89114331440705,-0.36649227142333984,-0.36649227142333984,0,0.5103014747969232
-33.212697918478135,-0.400963693857193,-0.27224215865135193,0,0.4947963806523665
-34.04889599449657,-0.7571738362312317,0.2521874010562897,0,0.5110957163518427
-35.06365504849728,-0.4113684296607971,-0.33420950174331665,0,0.5168393359593423
-33.95751249561371,-0.7164384722709656,-0.26628369092941284,0,0.5048959909657318
-31.812497878427827,-0.466001033782959,-0.17361114919185638,0,0.4855829637356194
-33.422471812262984,-0.6732683777809143,-0.15439768135547638,0,0.503137495448893
-34.48494112608106,-0.2575948238372803,-0.09129268676042557,0,0.5100638059356697
-32.52151010379402,-0.09066619724035263,-0.022999487817287445,0,0.49104864440100443
-32.60870659978548,-0.7038339376449585,-0.09042355418205261,0,0.49547281539636534
-33.811614924266955,-0.0514155849814415,-0.0475485697388649,0,0.5078277288782198
-32.28536865688084,-0.7218231558799744,-0.1728113740682602,0,0.4919881180956416
-35.82100868592286,0.26178881525993347,0.26178881525993347,0,0.525001540017716
-32.19489035906141,-0.17779794335365295,-0.17779794335365295,0,0.48937302130927984
-32.82448148294432,-0.11269307881593704,-0.06736408919095993,0,0.4987799797703077
-32.429143586528845,-0.5196479558944702,-0.23772919178009033,0,0.4915256284316442
-33.549454548318806,-0.32678958773612976,-0.22761328518390656,0,0.5016107578760477
-31.99161952870073,-0.35781556367874146,-0.22905181348323822,0,0.4893164908906372
-34.470117482607165,-0.45352405309677124,-0.1344980001449585,0,0.5095078211404277
-31.26399695542438,-0.44235843420028687,-0.07723530381917953,0,0.4818734394790077
-33.31889381502677,-0.8178336024284363,-0.11262848973274231,0,0.4988507156214165
-33.309075309282846,-0.5473947525024414,-0.13693444430828094,0,0.4985021124458236
-32.24229978797581,-0.6702671051025391,-0.14714984595775604,0,0.4867440764372166
-33.8228317196656,-0.9877513647079468,0.04344653710722923,0,0.5062573141566626
-31.97783321267466,-0.15195992588996887,-0.12663373351097107,0,0.4871773720937767
-32.89779073586287,-0.4622039794921875,-0.2889433801174164,0,0.49485576160131367
-34.82875370474575,0.11182358115911484,0.3348095417022705,0,0.5164342174709479
-32.036206139314196,-0.8003265261650085,-0.07305856049060822,0,0.48731834643151706
-31.987700676980303,-0.3828031122684479,-0.0771893858909607,0,0.4859642761860435
-33.57293853468613,-1.0840970277786255,0.1595170944929123,0,0.5011121589929104
-34.56815495783025,-0.7356365323066711,-0.23557637631893158,0,0.5107422234471126
-32.60271874435053,-0.797556459903717,-0.21727821230888367,0,0.4969766828330799
-33.09927948600308,-0.41767898201942444,-0.25870904326438904,0,0.4980138164020383
-32.737850599625865,-0.19071201980113983,-0.19071201980113983,0,0.4939629575829031
-33.38665383217093,-0.38573724031448364,-0.19774004817008972,0,0.49827860036372645
-33.53974026397603,-0.6562330722808838,-0.23241017758846283,0,0.5012559485071137
-33.44033165062553,-0.7603248357772827,-0.23349294066429138,0,0.49782150071430104
-35.89403759895805,-0.5122872591018677,-0.3265098035335541,0,0.5215772290950528
-34.785704240595244,-0.4187730550765991,-0.1371842324733734,0,0.5138302224981047
-34.77314480173951,-1.002711534500122,0.012260478921234608,0,0.5097109374366011
-34.51070449410665,-0.8119943141937256,-0.13251285254955292,0,0.5161735994112748
-32.94463090269897,-0.19526106119155884,-0.19526106119155884,0,0.4922768634524064
-32.47023031406362,-0.679121196269989,-0.24261711537837982,0,0.4924636158551014
-32.476391551293695,-0.6893590092658997,-0.2971073091030121,0,0.4938158743837351
-34.12023611253633,-0.7642304301261902,-0.09206486493349075,0,0.5079817889696775
-34.08905535912878,-0.7624129056930542,-0.1872929483652115,0,0.5026528244713196
-33.173110903907826,-0.6209816336631775,-0.3294752538204193,0,0.4981045251036916
-34.17954926965891,-1.062147617340088,0.04607943445444107,0,0.5080618852913719
-33.7718129046371,-0.07436519116163254,-0.051717497408390045,0,0.5028943249301331
-32.12905011139537,-0.8619053959846497,-0.12246760725975037,0,0.48766186295126845
-32.41019562746038,0.0691235363483429,0.1672985851764679,0,0.4933104192759647
-34.602087453855084,-0.44447973370552063,-0.3532117009162903,0,0.5101511624693981
-34.130203079546696,-1.0277818441390991,0.12297733128070831,0,0.5051980244506894
-34.59718662302779,-0.3016786575317383,-0.17426961660385132,0,0.5146197849854098
-33.48685049097505,-0.7941599488258362,-0.24934619665145874,0,0.5033701878897013
-33.5213845003575,-0.7449593544006348,-0.163046732544899,0,0.5034456929839631
-33.774036796230014,-0.3061312139034271,-0.1810501664876938,0,0.50403341291733
-32.96521838000027,-0.8556040525436401,-0.06666768342256546,0,0.49453821547386645
-34.57608304108753,-0.25981539487838745,-0.1362171471118927,0,0.5137888006968526
-31.85811028559,-0.5227610468864441,-0.32052135467529297,0,0.4848318591175776
-32.80366071552788,-0.64361572265625,-0.16094502806663513,0,0.49780731149077473
-33.70336639682364,-0.6955249309539795,-0.20442473888397217,0,0.5062943657419844
-33.364250653587334,-0.18162445724010468,0.1384733021259308,0,0.5039306683647629
-32.41214313201351,-0.4134250581264496,-0.24933047592639923,0,0.49812392580944737
-33.632783030325406,-0.23723888397216797,-0.15032559633255005,0,0.50126620764027
-33.65377346538877,-0.5153496265411377,-0.2978031635284424,0,0.49923566253572654
-33.45699386805493,-0.528677225112915,-0.1809888780117035,0,0.49818146172702044
-33.292131698846774,-0.41965821385383606,-0.2840932607650757,0,0.4993019743086733
-34.71258140648794,-0.6297966837882996,-0.30302298069000244,0,0.5172530171448497
-33.24960008190785,-0.4525437653064728,-0.16808933019638062,0,0.500015926569373
-32.87282526425832,-0.5670182704925537,-0.19667308032512665,0,0.4918156951694633
-32.94202650396807,-1.1660469770431519,0.059866562485694885,0,0.4962246908286066
-33.187285297594016,-0.9710248708724976,-0.03774912282824516,0,0.4955096374222966
-34.2273440047197,-0.34832561016082764,-0.13970696926116943,0,0.5054801620199934
-33.4636798211477,-0.6098250150680542,0.005640787072479725,0,0.4995336426572676
-33.58967817391095,-0.44913145899772644,-0.2505481243133545,0,0.5027994405642782
-33.09514189575408,-0.3967408239841461,-0.12252002954483032,0,0.49787364078783997
-32.872788690499306,-0.10620708763599396,-0.10620708763599396,0,0.4899936130170028
-32.05353022090819,-0.3299672305583954,-0.19755828380584717,0,0.4901596526349629
-33.90694699508653,-0.3331238627433777,-0.1959061473608017,0,0.5091081327454349
-32.477171875691894,-0.7526988983154297,-0.13080067932605743,0,0.49002706778300525
-30.771515848068734,-0.7458884119987488,-0.1566307097673416,0,0.47697608880603126
-33.3840827753751,-0.48493486642837524,-0.09007902443408966,0,0.5002572448253747
-34.539380724248474,-0.5444457530975342,-0.2798486351966858,0,0.5101032319077355
-32.98226523572875,-0.9701684713363647,-0.1803179532289505,0,0.4980027553633795
-32.13259399238207,-0.8071635961532593,-0.22382378578186035,0,0.4907912975700397
-33.06717165293518,-0.675902783870697,-0.2722267806529999,0,0.4973321291273552
-33.459655704949505,-0.31294408440589905,-0.24458633363246918,0,0.4992495843290855
-33.19299942446558,-0.432999849319458,-0.2769779562950134,0,0.49683198494113257
-32.755560765077206,-0.7885581851005554,-0.017575539648532867,0,0.49790146176730543
-34.913321064282634,-0.02916742116212845,-0.02916742116212845,0,0.5162830868586982
-32.2912505336574,-0.6746392846107483,-0.13759338855743408,0,0.49280291450973285
-32.36451938685835,-0.6185586452484131,-0.30004793405532837,0,0.4943146639495614
-32.669990794269,-0.6187450289726257,-0.2381807267665863,0,0.4942253913768955
-33.03308080967397,-0.5496425628662109,-0.2401677370071411,0,0.4947915892526335
-32.922353976816765,-0.2694261372089386,-0.2641357183456421,0,0.4976484975628406
-33.64944103837461,-0.49098917841911316,-0.23653878271579742,0,0.5078298505850125
-34.121527053124204,-0.8676618933677673,0.2003442794084549,0,0.5062845046868552
-33.644146911280764,-0.7030123472213745,-0.3021284341812134,0,0.5049385198551506
-34.31766166745279,-0.45420965552330017,-0.31453588604927063,0,0.5100322517294165
-33.96480113061482,-0.24909919500350952,-0.18469685316085815,0,0.5057534949688075
-34.29833314454228,-0.7169949412345886,-0.2752641439437866,0,0.5077126354496628
-33.701354604253005,-0.5791727304458618,-0.34928637742996216,0,0.5026546399325466
-33.525386034133554,-0.7018445134162903,-0.37674620747566223,0,0.5066599344228253
-32.91801427025681,-0.8375982046127319,-0.16543401777744293,0,0.49726584405583274
-33.72416759832199,-0.4577829837799072,-0.37951740622520447,0,0.4969289585964174
-33.40599965697582,-0.7673474550247192,-0.11082977801561356,0,0.501914996343937
-31.844107428775647,-0.5769605040550232,-0.31901970505714417,0,0.483843864120722
-33.13594514485991,-0.6620156168937683,-0.2726389169692993,0,0.5004959621622732
-32.46399440134312,-0.7640835046768188,0.18547184765338898,0,0.48933338658404696
-33.31873324866071,0.02269843965768814,0.07148763537406921,0,0.5039952362785479
-31.904208659271738,-0.2527480125427246,0.21704764664173126,0,0.48817895481713003
-31.8959983334235,-0.7124331593513489,-0.21473266184329987,0,0.48665155462184884
-32.96404495265099,-0.736767053604126,-0.30371612310409546,0,0.4988830762333994
70.04969012404247,0.4583212435245514,0.4583212435245514,0,0.5111558693709617
-33.42005396207861,-0.5639225840568542,-0.2700105309486389,0,0.5029407972662495
-31.24758971307383,-0.6488127708435059,-0.21852737665176392,0,0.48499695195940445
-33.77745039574309,-0.8477848172187805,-0.15678483247756958,0,0.5068651382949807
-33.34157220546989,-0.9123200178146362,-0.11052382737398148,0,0.498057689763036
-33.94797862087487,0.18227273225784302,0.18227273225784302,0,0.5035884267792946
-33.48830135387446,-0.9268211126327515,-0.10107512027025223,0,0.49984813832995856
-31.71583739495432,-0.6302288174629211,-0.36572855710983276,0,0.4864543307472619
-33.48833473086084,-0.23905952274799347,-0.14740613102912903,0,0.5046548298318716
-33.45381163523268,-0.5427350401878357,-0.06977704167366028,0,0.5016793510288401
-34.24106661780723,-0.5788284540176392,-0.3440719246864319,0,0.5077276826770969
-31.732212616424412,-0.33578184247016907,-0.22653727233409882,0,0.48127381310577577
-34.20737673802424,-1.048217535018921,0.2716679275035858,0,0.5100522874259865
-34.13216958719584,-0.8579850792884827,-0.06519559025764465,0,0.5087876018331114
-33.99486299030549,-0.04683806374669075,-0.04683806374669075,0,0.509683299146628
-32.446428594579444,-0.9331151843070984,-0.06768940389156342,0,0.49401686998806454
-33.611328384904795,-0.8197888135910034,-0.11202794313430786,0,0.49933137469733
-33.48778921894468,-0.4241812825202942,-0.21970197558403015,0,0.5018134080461029
-34.982524196750205,-1.0024335384368896,-0.018368756398558617,0,0.5168568364007061
-33.38861307065782,-0.4078975021839142,-0.35840484499931335,0,0.502786908730831
-32.12187410780309,-0.5658643245697021,-0.28409716486930847,0,0.4861040617729345
-33.56643359620087,-0.6675450801849365,-0.03265373036265373,0,0.5053035361094268
-34.25296089691211,-0.8062962293624878,-0.111238032579422,0,0.5065518555614082
-33.690799069366754,-0.8287788033485413,-0.17880012094974518,0,0.5042089076491725
-34.42173617026594,-0.1989801675081253,-0.01733219064772129,0,0.5088895712387156
-34.52804812368578,-0.47728705406188965,-0.1228974461555481,0,0.5117489842141422
-32.983059441786715,-0.9115479588508606,-0.10908637940883636,0,0.4978487187345327
-33.32214246194643,-0.40316399931907654,-0.18840977549552917,0,0.4961138715188171
-32.48312835994119,-0.3337673842906952,-0.20737117528915405,0,0.4915637177157744
-32.19246373556069,-0.5439294576644897,-0.3351520001888275,0,0.4905823112322515
-33.0130066539962,-0.48603367805480957,-0.28702202439308167,0,0.4909432583598763
-33.05867933411173,-0.2819570302963257,-0.2819570302963257,0,0.49720872468415284
-32.870787829943,-0.3624415397644043,-0.19792534410953522,0,0.49490588756798004
-33.18923918282568,0.04456979036331177,0.04456979036331177,0,0.4990241224162031
-33.01023441585204,-0.2305004745721817,-0.07838279008865356,0,0.4993403449120747
-31.985285071419785,-0.6087539792060852,-0.2785733938217163,0,0.4871255475061678
-35.71570351871292,0.1642351597547531,0.33473774790763855,0,0.5180139980194773
-31.12433376618907,-0.6205028295516968,0.04456894099712372,0,0.4782229652527029
-33.71772613101651,-0.4297783374786377,-0.18723370134830475,0,0.510324382437724
-32.05392247167606,-0.5853460431098938,0.21627473831176758,0,0.48902089725189024
-33.50189115146107,-0.5938165187835693,-0.22809307277202606,0,0.501096450051785
-33.48094585482563,0.07691232115030289,0.17177322506904602,0,0.5026649622474676
-32.03596383842612,-0.3644767701625824,-0.315044641494751,0,0.48931104249847185
-34.01754856903644,-0.9577427506446838,-0.10706011205911636,0,0.5060230249366434
-31.909837516487734,-0.7519834637641907,-0.20424500107765198,0,0.48936083450783147
-33.47037532522326,-0.6500808596611023,-0.23271717131137848,0,0.5012887249270955
-34.03012426317478,-0.7896642684936523,-0.25106507539749146,0,0.5102497110743676
-32.9182789718534,-0.5334908366203308,-0.33077073097229004,0,0.5003506374567304
-35.21624810358282,-0.36365753412246704,-0.25366801023483276,0,0.5161212335189886
-33.549952129326236,-0.6372136473655701,-0.38370081782341003,0,0.5038245492297839
-33.49284811658702,-0.5756821632385254,-0.12319301813840866,0,0.49960141757254534
-34.16652641959385,-0.09618852287530899,-0.002566914539784193,0,0.5103534780845566
-34.214262100388986,-0.667013943195343,-0.2618255019187927,0,0.5071503869670972
-33.891880276875796,-0.4922194182872772,-0.22575338184833527,0,0.5065310433571292
-33.87549423321189,-0.42165738344192505,-0.2984515130519867,0,0.5062252592714457
-33.44188761835906,0.23731282353401184,0.26722580194473267,0,0.4993224631560532
-34.122577320903524,-0.766599178314209,-0.09503072500228882,0,0.5054036292560479
-33.557239719249495,-0.24068234860897064,-0.1673758178949356,0,0.5013140087375777
-31.887186245434734,-0.7838109731674194,-0.12422118335962296,0,0.48471375892695795
-33.20289722533756,-0.34868502616882324,-0.11235415935516357,0,0.4986755842491201
-33.32687067586237,-0.4971824586391449,-0.34223470091819763,0,0.4982891652495188
-34.8683817348555,-0.6964700222015381,-0.20851267874240875,0,0.5166969487064371
-31.758530559732602,-0.48525506258010864,-0.13158339262008667,0,0.4846590633934794
-33.829475429162635,-0.20589549839496613,-0.10928354412317276,0,0.5063537246289754
-33.71899071035268,-0.7580680847167969,-0.2430664300918579,0,0.502621071937407
-32.19227567382773,-0.49041447043418884,-0.1966373771429062,0,0.48901152790342745
-32.81234528495634,-0.7641752362251282,-0.13182902336120605,0,0.49593068425049236
-33.58287634677014,-0.39267560839653015,-0.11335470527410507,0,0.5032814784566065
-31.385329768912626,-0.892932116985321,-0.009075619280338287,0,0.48269461816752673
-34.138772522924185,-0.3123552203178406,-0.23957552015781403,0,0.5076585603264712
-33.08724251487568,-0.9448599815368652,-0.035819657146930695,0,0.501584847907549
-33.856028257971936,-0.295511394739151,-0.2097889631986618,0,0.506652172528197
-33.52807336602414,-0.29152795672416687,-0.0791608989238739,0,0.5029820550622313
-33.686612275555134,-0.7429327964782715,-0.26488423347473145,0,0.5038668049150496
-33.03457555741878,-0.7640680074691772,-0.10089457035064697,0,0.49702618270424903
-34.49680079426509,-0.6556400656700134,-0.2155192494392395,0,0.5130944945222536
-31.88905241965795,-0.2648569643497467,-0.041265156120061874,0,0.48441242825251435
-33.926055273683254,-0.501914918422699,-0.1896984577178955,0,0.5047497050780528
-34.24834024410905,-0.2987884283065796,-0.03709590435028076,0,0.5068222808488948
-34.78802703033826,-0.5890592336654663,-0.1631985753774643,0,0.5129517868486442
-32.93301767376146,-0.7821265459060669,-0.22007302939891815,0,0.4929942669613437
-32.94678974213431,-0.6801170706748962,-0.13597409427165985,0,0.4984149756504643
-34.15286404463158,-0.5610847473144531,-0.05206683278083801,0,0.5057957461574877
-33.3988588909217,-1.0328567028045654,0.07997646927833557,0,0.4999178626776875
-33.51923199922045,0.14187997579574585,0.14989517629146576,0,0.5038474713968629
-31.74242885896705,-0.35658055543899536,-0.15559034049510956,0,0.48346541245763425
-33.08719233120813,-0.08552287518978119,-0.0798233300447464,0,0.49866042053513415
-34.251627003076074,-0.210535928606987,-0.19824272394180298,0,0.5058258508755783
-34.179534654863,-0.5577820539474487,-0.3483874201774597,0,0.5126243260343796
-33.25113802497028,-0.24339033663272858,-0.23835742473602295,0,0.5008787049399351
-33.1101715971784,-0.579430341720581,-0.167763352394104,0,0.49793716292204643
-34.678025637346764,-0.2702549397945404,-0.25188156962394714,0,0.509489431775457
-32.90317995424211,-0.5054126977920532,-0.1511915922164917,0,0.49453498682872327
-34.929894895802754,-0.5065213441848755,-0.05301335081458092,0,0.519174774283999
-32.15819702783654,-0.5125793814659119,-0.3770028054714203,0,0.48976445591785256
-33.49734456567464,-0.5124098658561707,-0.3659038245677948,0,0.5003535931573825
-33.20231089054707,-0.4042113423347473,-0.32435983419418335,0,0.5000218622352894
-33.518400615851924,-0.5095005035400391,-0.3684251010417938,0,0.5013233120383059
-32.802911442699354,-0.520906925201416,-0.22534598410129547,0,0.49367955771078625
-35.18935775426648,-0.18237194418907166,-0.15278975665569305,0,0.5160930762219803
-31.660075449068245,-0.9130702018737793,0.16925682127475739,0,0.4857890899656704
-32.35856218751944,-0.9705899357795715,-0.030205460265278816,0,0.49236411204585423
-32.94181853484811,-0.5286673903465271,-0.23160578310489655,0,0.49777009585572574
-33.1850271827264,-0.9383504390716553,-0.06524582952260971,0,0.5030299067867883
-33.82011400136205,-0.547896146774292,-0.20908121764659882,0,0.5026233085818976
-34.51766174943051,-0.5654360055923462,-0.19807758927345276,0,0.5095659819240724
-32.90078635824406,-0.44852668046951294,-0.31558215618133545,0,0.49592033599181157
-33.6600421534907,0.0028148870915174484,0.4172961413860321,0,0.5006548060212683
-34.68774567575081,-0.45172709226608276,-0.22156482934951782,0,0.5090777795633405
-33.44486376213973,-0.5071637034416199,-0.2373480200767517,0,0.5010605217444295
-33.29246004131068,-0.8420711159706116,0.08769211918115616,0,0.5002002693819542
-32.40341427009103,-0.5026629567146301,-0.35671934485435486,0,0.48990288718479563
-33.663492946592854,-0.185507670044899,-0.024710392579436302,0,0.5078125986143747
-33.3271677523086,-0.6111624836921692,-0.2996453642845154,0,0.4957166249614192
-32.20246581101131,-0.8668803572654724,-0.09334424138069153,0,0.4849286847981509
-32.80279568136285,-0.7266454100608826,-0.1981946974992752,0,0.4980091241973073
-33.5599373186227,-0.2907324731349945,-0.026977483183145523,0,0.49603671576499203
-32.12560896671665,-0.3703380227088928,-0.2918711304664612,0,0.48920545346258365
-33.10703768162826,-0.26136159896850586,-0.2525762915611267,0,0.49907234375111853
-32.19043031332704,-0.20671813189983368,-0.20671813189983368,0,0.4880718666359431
-32.81385265318169,-0.10218503326177597,-0.07662972807884216,0,0.4948138006030814
-33.403676141722045,-0.49607616662979126,-0.32471537590026855,0,0.4990193746845099
-34.246465995210706,-0.29673779010772705,-0.1588442176580429,0,0.5082181775893574
-33.10275238905412,-0.7806918621063232,-0.2141965627670288,0,0.49864391304599287
-34.121854098483375,-0.2547529637813568,-0.02395828254520893,0,0.5085434897856258
-33.290530471979885,-0.38168108463287354,-0.20584626495838165,0,0.5028133080669541
-34.338231182158026,-0.43965837359428406,-0.2433708906173706,0,0.5111232063781271
-34.027149089114296,-0.7187262773513794,-0.22862890362739563,0,0.5055198263228388
-32.43203128476577,-0.6504926085472107,-0.22797612845897675,0,0.49604630040809383
-33.18316515203956,-0.3715638220310211,-0.17462383210659027,0,0.498142033422322
-32.91869202230987,-0.4071429967880249,-0.2548735737800598,0,0.4959270650797844
-31.74043385436994,-0.5041953325271606,-0.3277255594730377,0,0.48773360206227295
-34.022656496874475,-0.349323570728302,-0.03726472705602646,0,0.5067945919471566
-31.942781995084626,-0.47423306107521057,-0.4116365611553192,0,0.48855503783970317
-32.44480770099298,-0.2735803723335266,-0.22782154381275177,0,0.4900043410069246
-32.98213370172564,-0.05977652966976166,-0.05977652966976166,0,0.49485376921460944
-33.35178161182523,-0.39829814434051514,-0.39829814434051514,0,0.5006148472595662
-32.32440093266121,-0.12146750092506409,-0.11892113834619522,0,0.4934780088201346
-32.05901036536247,0.14151908457279205,0.27800267934799194,0,0.4837633779597226
-33.92932213071875,-0.2412174642086029,-0.017172720283269882,0,0.5036999583868934
-34.63954318158637,-0.4377058744430542,-0.23853442072868347,0,0.5131534771329874
-32.457461931185954,-0.5225231051445007,-0.34567803144454956,0,0.4932828383649727
-32.9565174708822,-0.27213308215141296,-0.14690664410591125,0,0.49917616742664017
-32.463413722405456,-0.4179028570652008,-0.26042789220809937,0,0.48588837458826034
-32.262362755343204,-0.34585320949554443,-0.28820979595184326,0,0.4930388154191626
-32.912825485363534,-0.5523359775543213,-0.3424238860607147,0,0.49922444231344854
-31.25787017277431,-0.6074264645576477,-0.22563008964061737,0,0.47861038518613214
-33.44385303837446,-0.8441305756568909,0.04104059189558029,0,0.4995947086332213
-33.76137104669217,-0.9058219790458679,0.12711355090141296,0,0.5064432483087331
-34.42434328555699,-0.19364960491657257,-0.14094164967536926,0,0.5091426012021638
-31.951660469957783,-0.5344329476356506,-0.2784087061882019,0,0.48923555846003025
-34.1364657696204,-0.3226465582847595,-0.2239229381084442,0,0.5074526701781277
-32.25848933585913,-0.13322481513023376,0.05425899848341942,0,0.493157175209679
-33.21034034269461,-1.0506023168563843,0.1649405062198639,0,0.49915125098565266
-33.06475879738218,-0.6041159629821777,-0.3283850848674774,0,0.4961070168308459
-33.56803496873909,-0.4421004056930542,-0.1560554951429367,0,0.5041227922016229
-30.867794743081255,-0.4980279207229614,0.04235804080963135,0,0.4762531259458175
-33.219971044316864,-0.4323658049106598,-0.27221861481666565,0,0.49726514998558824
-31.551206765082263,-0.5686053037643433,-0.2715900242328644,0,0.4848776989667669
-33.24110314060713,-0.29706692695617676,-0.28600189089775085,0,0.4997586008199529
-33.9864594738531,-1.0336730480194092,0.0841735452413559,0,0.5057515578237372
-33.847661217483044,-0.3392055034637451,-0.24026592075824738,0,0.5046123650640033
-34.39517829206843,-0.4977469742298126,-0.3559355139732361,0,0.5044445719516782
-34.555958822586646,-0.600460410118103,-0.19782263040542603,0,0.5110480532633258
-31.311907969909168,-0.35120317339897156,-0.04002637043595314,0,0.4794415691253348
-33.61385502707601,-0.20682676136493683,-0.16485866904258728,0,0.5047195879980229
-34.05934376564046,-0.9156302213668823,-0.06434858590364456,0,0.5063389973342687
-32.471200206906914,-0.35593900084495544,-0.22672432661056519,0,0.4943440487374434
-32.64359365951195,-0.33549460768699646,-0.1645992398262024,0,0.49317945792161216
-32.48102126653724,-0.05759318917989731,-0.042224813252687454,0,0.4924677979605794
-32.26666048812876,-0.6108535528182983,-0.1707397848367691,0,0.48380106425742764
-34.0085537251493,-0.09674511849880219,-0.09645749628543854,0,0.5086557549818114
-32.00586382516505,-0.17291921377182007,-0.16879867017269135,0,0.48644273162137036
-31.365606018631915,-0.4834998548030853,-0.17681649327278137,0,0.4828955916741101
-34.79934490684735,-0.5234732627868652,-0.22431989014148712,0,0.5120531515819272
-35.23498697604684,-0.5078356862068176,-0.38253530859947205,0,0.5154634334635945
-33.23184050541468,-0.4738708436489105,-0.22878152132034302,0,0.5013740459096141
-33.54527064755048,-0.612867534160614,-0.2566370368003845,0,0.5018433370761242
66.57744458345269,0.4553544521331787,0.4553544521331787,0,0.5032165036883884
-32.79417899868159,-0.4876857399940491,-0.2865566313266754,0,0.49757219316599005
-34.807482406917586,-0.5547782778739929,-0.30542153120040894,0,0.5143391980093004
-33.719744544868895,-0.14689873158931732,-0.04432055354118347,0,0.5029276485876035
-33.04899882820079,-0.4687589704990387,-0.21466568112373352,0,0.5018898234159171
-34.96223539109137,-0.28587251901626587,-0.16506566107273102,0,0.5137506492407499
-32.30760684603978,-0.4965086579322815,-0.3653436303138733,0,0.49064556530797276
-31.879319986447396,-0.47276735305786133,-0.39795374870300293,0,0.48872882576772547
-33.09158956661476,-0.8348161578178406,0.051693256944417953,0,0.49399387840837894
-31.43515448303805,-0.28527435660362244,-0.22671489417552948,0,0.4813078515600083
-32.520973701262555,-0.3183715343475342,-0.09688453376293182,0,0.49392634806119734
-34.206467005224134,-0.5683851838111877,-0.2063293755054474,0,0.5111474496359868
-33.528003915858626,-0.7850134372711182,-0.039018794894218445,0,0.4988130624894818
-32.74492720724887,-0.7668889164924622,-0.24738499522209167,0,0.4953241101800274
-33.578232919493544,-0.3977733552455902,-0.3439904451370239,0,0.505338875586992
-33.341779892002016,-0.5837988257408142,-0.13587269186973572,0,0.5000951257307962
-30.908985139847534,-0.5067866444587708,-0.20864245295524597,0,0.4781972418001402
-34.9738233392284,-0.7408191561698914,0.22456932067871094,0,0.5146290244885776
-33.36352547411906,-0.2833922505378723,0.07102803140878677,0,0.4992959567907246
-33.78086250754097,-0.6415125131607056,-0.17306941747665405,0,0.5034980955448033
-34.774037281064025,-0.37271732091903687,-0.3631296455860138,0,0.5155014803893426
-33.428620158907734,-0.5069810152053833,-0.39910343289375305,0,0.5014810656711042
-33.30194855731546,-0.588037371635437,-0.09286107122898102,0,0.5020519328819055
-32.925817606322,-0.016976373270154,0.045472025871276855,0,0.4955986874602723
-33.13172093747603,-0.010076301172375679,-0.010076301172375679,0,0.49877513961603603
-32.4434487851444,-0.6774569749832153,-0.27713924646377563,0,0.49602539989492717
-33.354194695491024,-0.17056703567504883,-0.10326424986124039,0,0.5005219590490557
-31.750101573281924,-0.7392143607139587,-0.14709268510341644,0,0.48808495516468986
-33.4162800223658,-0.36044666171073914,-0.22468611598014832,0,0.5033156612861293
-30.97504366274382,-1.0650900602340698,0.18396081030368805,0,0.47942909297698344
-32.985403711733014,-0.5201835036277771,-0.28894898295402527,0,0.49652509363127517
-31.27544199992265,-0.682310163974762,-0.1483549177646637,0,0.4814764461043087
-34.09209011010806,-0.57880699634552,-0.2027427852153778,0,0.5110361815863839
-32.93811691883232,-0.3390044569969177,-0.30100908875465393,0,0.49793658498767857
-34.38550906228915,-0.4331498146057129,-0.312956839799881,0,0.5143894540331628
-34.824962663423875,-0.8479803204536438,-0.13778944313526154,0,0.5140728107685459
-34.08201774306228,-0.5976669788360596,-0.34224143624305725,0,0.5016164792817202
-32.536100592369436,-0.6724279522895813,0.1353914737701416,0,0.491506006012522
-32.327811439878545,-0.6871220469474792,-0.2502117156982422,0,0.4917257681904416
-33.342605028108245,-0.8715521097183228,-0.14995816349983215,0,0.49917064576495523
-32.55008963630368,-1.173734188079834,0.2650528848171234,0,0.49232124249827025
-33.45317604041503,-0.5631430745124817,-0.1287282109260559,0,0.4997043839517843
-33.75881849907544,-0.04633362963795662,-0.04633362963795662,0,0.504309937190621
-33.86065600026156,-0.5152472257614136,-0.3503553867340088,0,0.5054635661199117
-33.61226980004549,-0.11176392436027527,0.036307238042354584,0,0.5011145598765507
-33.12130561381527,-0.4043770134449005,-0.315077006816864,0,0.4988281077905059
-34.473746078254315,-0.6266940832138062,-0.369722455739975,0,0.5081473547818516
-33.31427262355641,-1.0360187292099,0.03327725827693939,0,0.5014094270831505
-33.046493646887825,-0.44501206278800964,-0.26247212290763855,0,0.4984350264836809
-33.511297305343525,-0.6643600463867188,-0.2681314945220947,0,0.5049600997782154
-33.58647975401389,-0.5683346390724182,-0.3717587888240814,0,0.5021533955076227
-34.00579297364852,-0.06718116998672485,-0.06718116998672485,0,0.5087495800182298
-34.060166924270845,-0.7823591232299805,-0.053322117775678635,0,0.5068896179835755
-31.23893083092505,-0.4501940906047821,-0.25653308629989624,0,0.4821400161579784
-32.61552044502164,-0.3536279499530792,-0.08270058780908585,0,0.49184875051678345
-32.104629806666345,-0.4546578526496887,-0.2587261497974396,0,0.4886962801421497
-33.36090902163349,-0.30863747000694275,-0.23406898975372314,0,0.4986768133387816
-32.60716848798553,-0.6593432426452637,-0.22637319564819336,0,0.49253153328153837
-33.438640578381495,-0.36252641677856445,-0.23853382468223572,0,0.502672061547249
-32.61905365487653,0.02699442207813263,0.14734496176242828,0,0.49326949568207934
-33.842887481451086,-0.8717042803764343,-0.15752597153186798,0,0.5028996908882478
-33.98868385377001,-0.16505742073059082,-0.09714405983686447,0,0.5064846831166444
-33.10137946788468,-0.09007330983877182,-0.04496518895030022,0,0.49548894921122905
-31.619591153804944,-0.4035848081111908,-0.06716659665107727,0,0.48677776149445157
-33.33632481093354,-0.6282445788383484,-0.3326738774776459,0,0.49915175473974627
-34.30179883743742,-0.6287104487419128,-0.1945861577987671,0,0.5132897151808895
-32.53010053405622,-0.5644240379333496,-0.2781853675842285,0,0.4932848817206923
-33.01913854250588,-0.09498387575149536,0.15160207450389862,0,0.49343990869683774
-32.69013172048602,-1.0555672645568848,0.1757766753435135,0,0.49256111171774314
-33.56344864682776,-0.6481937170028687,-0.2751345932483673,0,0.5033324271600679
-33.962359495806844,-0.7320941090583801,-0.2912761867046356,0,0.5091371166819774
-32.59044877487404,-0.4436345100402832,-0.020049292594194412,0,0.492666635090175
-34.16507087333541,-0.9541057348251343,0.010917485691606998,0,0.5084228686338339
-34.43072513525934,-0.14589394629001617,-0.14589394629001617,0,0.5101767928693565
-32.437952559335116,-0.5817854404449463,-0.20061743259429932,0,0.48935797784579554
-31.999874569090842,-0.3185252547264099,-0.28717705607414246,0,0.48985542759897205
-32.91690964400252,-0.4768580198287964,-0.060706570744514465,0,0.4921523812071964
-33.11780290102328,-0.18215982615947723,-0.17015358805656433,0,0.49732468936320123
-31.845411508741837,-0.7502632141113281,-0.2321903556585312,0,0.4834097354330158
-31.415714817550896,-0.15087327361106873,-0.14986157417297363,0,0.4837659367304705
-33.49986858577297,-0.5132092237472534,0.07243234664201736,0,0.4982539766485121
-34.50832493929,-0.9636911749839783,-0.028435850515961647,0,0.5111768848759852
-34.07288317228689,-0.4819200932979584,-0.19620929658412933,0,0.508477488006084
-34.54584493704865,-0.39277374744415283,-0.18363261222839355,0,0.5100473527931102
-32.639741750558215,-0.4917939305305481,-0.18011952936649323,0,0.4908154405988156
-33.58768914994373,-0.9582206010818481,-0.08052980154752731,0,0.5046026737637095
-33.56187292421796,-0.6917006969451904,-0.32226553559303284,0,0.5040464173033213
-34.622346942840906,-0.7875403165817261,-0.2706136107444763,0,0.5102687690328699
-33.86858796600223,-0.6641441583633423,-0.08019271492958069,0,0.5045874196459574
-32.57442995016508,-0.5969678163528442,-0.3312540650367737,0,0.49142519192706263
-33.089568792862195,-0.7993349432945251,-0.13960234820842743,0,0.4994926704422434
-33.026562992903365,0.06524746865034103,0.06524746865034103,0,0.49897081081618416
-31.80609762119819,-0.7428442239761353,-0.16334547102451324,0,0.4840288028694098
-32.91012823041038,-0.5151572823524475,-0.09947390854358673,0,0.4982698893578195
-31.915906664348416,-0.5628268718719482,-0.2982179820537567,0,0.4853144777666826
-32.96553490303919,-0.6399317383766174,-0.19218255579471588,0,0.4990336211724446
-32.10470142653929,-0.6184836626052856,-0.14466355741024017,0,0.4910755999233596
-33.9491852049844,-0.5286219120025635,-0.36292320489883423,0,0.5028613128126491
