reward,final_angle_error,mean_abs_angular_velocity,quality_flag
-1251.3721088345656,2.2450122833251953,3.266963248575339,0
-1194.9980553318126,2.439814805984497,3.23641547260806,0
-1342.7010523605975,1.9605095386505127,2.574352044966072,0
-1150.6933010616779,1.8954986333847046,3.603877643495798,0
-1481.7888677522735,2.0814208984375,1.9707694653701038,0
-1283.0947307384843,1.7853035926818848,3.040148415397853,0
-756.1811447081916,0.23886112868785858,3.5147329610888844,0
-986.0331959683424,0.4481978118419647,4.051051497878507,0
-1200.6307186235283,2.573566198348999,3.2887270743772388,0
-1744.9406301014515,2.6207499504089355,0.8452721255971118,0
-895.6337195404434,0.8067528605461121,4.195351963602007,0
-1822.5623246446708,2.972968339920044,0.47792639027931727,0
-1296.781544459518,2.131032943725586,2.910167824840173,0
-1312.8874617575345,2.695551872253418,2.865698716249317,0
-1062.8848247781411,1.5122063159942627,3.6929977729544046,0
-1074.480624236551,1.752561092376709,3.457139736227691,0
-962.7264856782622,1.6994277238845825,3.9134203362837434,0
-868.2773895413866,1.1867632865905762,3.6729941852367483,0
-1163.3465571718843,1.5676655769348145,3.65639204670093,0
-982.0750251946853,2.0615782737731934,3.8326853815838695,0
-907.5919687526658,0.4258712828159332,4.335409297123551,0
-968.7503692067961,0.846660315990448,3.8622735255025327,0
-1515.3475789332451,2.13635516166687,1.7972038729954511,0
-1872.9161155897634,2.9041309356689453,0.3368270010259585,0
-1485.0634103604748,2.5665030479431152,1.9339777447655797,0
-878.4292987521874,0.9885748624801636,4.109872711151838,0
-898.7274992434493,0.632314145565033,4.282524532992393,0
-962.0209652294161,1.4976222515106201,3.785912899971008,0
-970.4184336900705,2.373448371887207,4.3289799053221945,0
-1421.3939779703114,2.7731056213378906,2.1727548666996883,0
-1623.3109396396205,3.138376474380493,1.3270147342653944,0
-860.2601103216759,1.1170856952667236,3.740060161971487,0
-1533.412953856268,3.0297391414642334,1.5857166263982072,0
-1254.8893233176307,2.34220290184021,3.1771127356262876,0
-1414.9049612006202,2.929961681365967,2.2358379626646636,0
-1180.264720857511,1.4591493606567383,3.279847565982491,0
-867.1522997830348,1.0497056245803833,3.7646018613129852,0
-1582.270651626368,2.2449655532836914,1.4794499189406634,0
-969.4033012121923,0.15350860357284546,3.5996839837776498,0
-1040.9672411818522,0.5528063178062439,4.837490633763373,0
-1647.767851248152,2.5911669731140137,1.2417140696197748,0
-996.7300377653291,0.06489646434783936,4.1655576852010565,0
-1168.0205742015714,0.7198532819747925,3.600230764662847,0
-1697.2605033223538,2.6052956581115723,1.0257611091504806,0
-1137.410709055241,2.355536460876465,3.668081746548414,0
-901.1123572516832,0.8846773505210876,4.255195566676557,0
-1084.3617880513045,1.2584631443023682,3.819853411670774,0
-1029.0189039970614,2.090214729309082,4.296204224806279,0
-1231.6960246666085,2.9642531871795654,3.2419178518420084,0
-1227.5426998148484,3.07977557182312,3.1799937659781428,0
-968.4883572753323,1.3767056465148926,3.6258916252851487,0
-1773.8121142141883,2.9422779083251953,0.6478055935155135,0
-1281.2904778262732,2.000175952911377,3.01100031837821,0
-767.7622983329697,2.0797109603881836,3.5046932866005225,0
-1261.177887944678,2.310584783554077,3.155961116682738,0
-938.1906374048077,2.3840668201446533,3.850288791693747,0
-1506.9877122155801,2.447157144546509,1.791257252804935,0
-884.8552231022604,1.6783214807510376,3.8604180865362285,0
-1219.8740540412928,2.685605049133301,3.1440746518503873,0
-1580.0090133902147,2.8009841442108154,1.4304977965913712,0
-1460.483405911151,2.411463737487793,2.0761892116256058,0
-982.9119666743875,1.973939299583435,3.748817457780242,0
-1426.6570901896011,2.636646270751953,2.2473344734311103,0
-895.1053063155385,2.216560125350952,3.9551126875169573,0
-1682.674093046582,2.673914909362793,1.0536994094774128,0
-758.1624434022674,0.0022694398649036884,3.611946031106636,0
-1445.5455565000675,2.929652690887451,1.9947906912770121,0
-743.9764302651524,1.0012145042419434,3.429892311906442,0
-1744.1862012384343,2.9452381134033203,0.8357151175709441,0
-1332.3580852075884,1.7439985275268555,2.6183038988965563,0
-1600.399791131476,2.3413398265838623,1.3756710642110557,0
-1635.9779648580966,2.949958086013794,1.1660919680586084,0
-1003.5884434967877,2.02908992767334,3.9429798992350698,0
-1278.363956875067,2.26090931892395,2.966483017578721,0
-1578.601593886999,3.0240321159362793,1.5127171498234384,0
-1638.3065359707384,3.114513397216797,1.2455709945363924,0
-1639.9937413400246,2.7789466381073,1.2801556592341512,0
-1781.4387926497857,3.1377501487731934,0.700296132043004,0
-1347.9115924233242,2.460292339324951,2.479212486483157,0
-1168.5042358031947,1.8404666185379028,3.481527656971011,0
-1157.8246766807515,2.077684164047241,3.568237390238792,0
-1074.6360521797267,1.3716721534729004,3.688462145654485,0
-1219.9283720383285,3.13065242767334,3.2463002767041327,0
-1344.2445481575571,2.3115177154541016,2.5075122848246245,0
-1700.4226393266654,2.611298084259033,1.0246248734602705,0
-1596.3346914059475,2.6005382537841797,1.4836854358226992,0
-882.5775431776021,1.0222499370574951,3.935972142368555,0
-775.8704492661661,1.200053334236145,3.7604227349080612,0
-877.7540956420565,2.1203975677490234,3.680318033574149,0
-972.61847494979,1.504819631576538,3.9350176763767375,0
-1341.176600624593,2.5373284816741943,2.5577090072166175,0
-1608.2876974922128,2.6865599155426025,1.3181796506838872,0
-1698.8663059800638,2.9664580821990967,0.9002811677008867,0
-844.1831539586065,1.9847201108932495,3.72519412022084,0
-1460.954935225084,2.3230669498443604,2.086920060208067,0
-1426.9316931838387,2.1814188957214355,2.3300048097397665,0
-970.7204968331351,0.44310447573661804,3.6494887360185384,0
-1050.496245444874,1.924153208732605,3.7839153345674275,0
-1202.7725428403144,2.664154052734375,3.2637549943779596,0
-920.6161043688512,2.9343960285186768,4.0886998367495835,0
-1775.716866996329,2.9670839309692383,0.7741134823742323,0
-1086.155821605072,2.110546112060547,3.379858449806925,0
-1075.376601724359,1.5468456745147705,3.4072869927762075,0
-763.0886004682955,0.5385922789573669,3.5026377561705884,0
-851.7878221514409,1.4118444919586182,3.271897003352642,0
-1602.5464455437352,2.3791749477386475,1.537853221956175,0
-859.9336394145406,0.4760484993457794,3.6179960844293237,0
-1553.2699352095285,2.9013216495513916,1.6031667022756302,0
-1627.5516578601582,2.301098346710205,1.316282198545523,0
-972.2654155668763,1.8818775415420532,3.491630086582154,0
-1384.9941911211406,2.864879608154297,2.4861029761005193,0
-1371.4725560177023,2.64715838432312,2.390606959760189,0
-762.1243005086334,1.4067816734313965,3.5017319770623,0
-863.8606920462412,0.5330504179000854,3.631882803258486,0
-1422.6205526494646,2.4357192516326904,2.3166817346028985,0
-1071.4461986460733,0.035554613918066025,3.534284438136965,0
-1667.4501835030833,2.874361991882324,1.0770511434029322,0
-1291.609162341952,2.0772318840026855,2.9745799899101257,0
-993.6977738307588,1.2408581972122192,4.241383124105632,0
-869.1684116260137,1.3914539813995361,3.705525531790627,0
-1565.866052548709,2.6802332401275635,1.5480539061361924,0
-1302.255529703749,2.0702128410339355,2.8387150795059277,0
-1634.1541635279655,3.0028438568115234,1.232551406044513,0
-878.1306697870984,1.5582479238510132,4.080000116955489,0
-1143.1311081086208,2.301401138305664,3.606272924207151,0
-1439.9832935216796,2.580697774887085,2.1947083994559944,0
-977.6912214501622,0.5359018445014954,3.8680043323431166,0
-905.0723975427832,2.990241527557373,3.822347538727336,0
-1312.8834791482127,1.5696531534194946,2.74048608712852,0
-1367.4962977596676,1.5808337926864624,2.364197556367144,0
-1376.664688559034,2.546100378036499,2.308713400941342,0
-1724.787884051503,2.8389062881469727,0.8205598251207266,0
-1661.9275842000907,2.478238821029663,1.205112563484654,0
-872.4603284135826,0.7384368777275085,3.9436971414461732,0
-1535.8769030361752,2.4498965740203857,1.6485701396968215,0
-886.5023280362311,1.9397552013397217,3.777287914198823,0
-1243.9347126757484,2.857292413711548,3.1047401520609856,0
-1550.6224082380259,2.7487618923187256,1.5749719736538828,0
-967.3971130960674,0.8438630104064941,3.6560117475129665,0
-1295.5044193179558,2.1081268787384033,2.885967087801546,0
-1353.132713964494,3.0948052406311035,2.657593744844198,0
-1682.2106585347028,2.975318670272827,1.0184136156179011,0
-1816.7106767430762,2.997546434402466,0.4728364912269171,0
-1284.2794280578917,1.5918824672698975,3.0343266313243658,0
-878.819168810534,1.4171907901763916,3.879146935194731,0
-1112.137930508496,3.007858991622925,3.5093546540429816,0
-1523.187071471697,2.442267894744873,1.7246980052813887,0
-870.9626506931647,1.6828609704971313,3.663883690461516,0
-826.4699212924876,2.442181348800659,3.5837360074865865,0
-1813.9690039403813,2.9299824237823486,0.5709538910165429,0
-881.5074777270653,0.93025803565979,4.1267723301798105,0
-1053.4532510703625,0.3199367821216583,4.998330689519644,0
-1328.150622483608,2.829946517944336,2.750841604210436,0
-1824.24477223328,3.0521998405456543,0.5136151534540113,0
-1507.748287371431,2.4565985202789307,1.844982569317799,0
-1407.0863737625784,2.6137824058532715,2.1900466461759063,0
-1443.3669817654475,2.1046812534332275,2.237741768988781,0
-1168.567817396133,1.0885449647903442,3.5883604754228147,0
-1062.4669848167855,2.2282698154449463,4.091403600908816,0
-1646.2727057517077,2.860893964767456,1.1026268179621548,0
-962.7447715945399,1.9624933004379272,4.136461024396121,0
-1273.3730777183137,2.019102096557617,3.0958396335691214,0
-983.6499838637295,1.2177739143371582,4.00212828218937,0
-1680.4169024311702,2.809255361557007,0.9902196411963087,0
-1473.8504879540735,2.4309141635894775,2.012543698553927,0
-1199.6992047574604,2.4267594814300537,3.2587903359904886,0
-1849.6509330959643,2.948557138442993,0.4170069956360385,0
-1169.4411888918814,1.665181040763855,3.4298789292294534,0
-1166.5800178161323,1.893921971321106,3.5007379459775985,0
-886.424692933011,1.3263791799545288,4.216205517314375,0
-899.2911452398063,1.1400096416473389,4.257812783624977,0
-970.4260085554379,0.705970048904419,3.8900963600352405,0
-1287.7569235162532,1.7928580045700073,2.956014254637994,0
-1531.8233157354628,2.258291721343994,1.7751108060020488,0
-1585.3998304865347,2.762951135635376,1.4074445114377887,0
-1299.7756681242463,1.3490214347839355,2.976669223178178,0
-1659.8267858390939,3.0533831119537354,1.1093521214695647,0
-1136.9745448560109,2.494434118270874,3.575418624728918,0
-1409.3080073797842,2.6831398010253906,2.3958551932871344,0
-858.6282161067502,1.048385739326477,3.6980390412174167,0
-966.4968996790061,0.06505048274993896,3.725195233388804,0
-1365.1915498550413,2.2588751316070557,2.4086669649370016,0
-866.6624742848132,1.2876179218292236,3.668241317612119,0
-954.6838787994087,1.7239181995391846,3.802576386751607,0
-969.3135387390199,0.27315205335617065,3.765790286697447,0
-740.7574282410786,0.8368364572525024,3.241265409514308,0
-1035.6353222507807,2.7855091094970703,3.918873751461506,0
-1565.663351171732,3.061608076095581,1.459525647368282,0
-1768.5132770440807,2.940410852432251,0.6831135786452797,0
-968.1374697252515,2.8992059230804443,4.613368316031992,0
-965.2363582466992,0.5380018353462219,3.6795760883018374,0
-1681.5762595396932,2.6350245475769043,1.0231684438092634,0
-1151.3209650526392,2.712211847305298,3.360717136566527,0
-1005.6522828828115,1.8314265012741089,4.104710257304832,0
-1322.5050287667088,1.761958122253418,2.6298204160109164,0
-978.7535608474699,1.2862725257873535,3.81146853543818,0
-1095.4936898718943,2.64042329788208,3.4121074907202273,0
-1794.057433976055,3.013031005859375,0.5949011362553575,0
-1082.2796556644337,2.0670533180236816,3.609208498913795,0
-1207.3784594890435,2.878053903579712,3.3167717616818844,0
-1518.9253212800998,2.7922706604003906,1.736020283921389,0
-776.0826375656636,1.9040080308914185,3.7161589102074504,0
-1725.7013821127737,2.986689567565918,0.8557707644470792,0
-872.1309928376684,0.37990957498550415,3.935837110672146,0
-1385.6611195274984,3.086214542388916,2.5017830942943693,0
-1182.9045678299944,1.736801266670227,3.318540091756731,0
-921.2193620612065,2.8861050605773926,3.8461899087857456,0
-1688.4270198180743,2.8127923011779785,0.9468383504101076,0
-1171.5652702131647,1.0889604091644287,3.474085750952363,0
-854.7613849522979,1.661787748336792,3.8843040416575967,0
-961.0663046356002,2.3842482566833496,4.213837261795998,0
-999.0081252215475,2.604321241378784,3.8284124273248015,0
-998.5961021599243,0.7577177882194519,4.252226134445518,0
-1267.9447802023367,1.980576992034912,3.197268874719739,0
-1191.9063901578556,2.2148232460021973,3.3049148108437656,0
-1286.603952876002,1.821273922920227,3.0349381328281013,0
-826.639342841631,2.1914846897125244,3.5520801999012472,0
-873.8635225133817,2.1569674015045166,3.575716036111116,0
-1479.515781540559,2.1248252391815186,2.030991540271789,0
-1070.0214812235172,1.2368903160095215,3.6686370579432697,0
-1328.960412040816,2.207207202911377,2.6249389989161864,0
-1076.1084973905142,1.5970605611801147,3.6991004024725407,0
-898.5790002183418,0.26636919379234314,4.241224377900362,0
-985.0888136887014,0.7845994234085083,4.072302601013798,0
-1162.0443318852333,1.9025161266326904,3.526128567010164,0
-891.306460817804,0.07015868276357651,4.143875699080527,0
-1741.9675744709932,3.0720252990722656,0.8128511058567528,0
-962.9185689573115,1.7439271211624146,3.3997462186403573,0
-885.1181234906668,0.2611670196056366,4.055343827456236,0
-1513.0600640491298,2.560899019241333,1.8191807794291526,0
-864.1964303132356,1.882672905921936,3.8647808202914895,0
-1325.3259002731124,1.9756180047988892,2.6246360887773337,0
-1804.4637748775253,2.8548312187194824,0.5532938515394926,0
-1559.358035984318,3.004659652709961,1.5948322063311935,0
-1616.953614550049,2.372645378112793,1.196316467882134,0
-951.4393971362027,1.4173718690872192,3.5450579676777125,0
-1011.2230942026772,3.0471553802490234,3.6703150752338116,0
-1632.9201607515593,2.67696213722229,1.2348635805398225,0
-1747.2540644249073,2.756065845489502,0.7878633417747914,0
-850.2646030306993,1.5149770975112915,3.458987818725873,0
-1069.149539343156,1.1093251705169678,3.747649760749191,0
-1045.1987108617636,2.3105053901672363,3.5273629091214387,0
-1074.7032754336092,1.6644062995910645,3.582176751650404,0
-1737.6013065637094,2.4791104793548584,0.8111139468336478,0
-1064.1104314953561,0.21258768439292908,3.6832100135670043,0
-1557.261014586168,2.365220069885254,1.5416751741978805,0
-1270.3423288793947,2.462556838989258,3.0139871206320823,0
-1382.1432312509535,2.5781960487365723,2.276761509012431,0
-979.6637833917681,1.9855539798736572,3.7713156508747487,0
-1272.4424578102735,2.0751287937164307,3.1176096887979656,0
-1181.2716300092636,1.0658903121948242,3.346805627103895,0
-1180.8288015033054,2.126008987426758,3.418092571848538,0
-839.8717061230968,1.3462213277816772,3.5237983916758093,0
-1413.671514427266,2.3424808979034424,2.4004927092860453,0
-1085.7099113176946,1.851147174835205,3.475788231641054,0
-1715.7037356079038,2.9043521881103516,0.9790030378568918,0
-865.8667228784097,1.7123851776123047,3.5837226216180715,0
-1084.2244531942913,2.103179931640625,3.6078966217767445,0
-1145.0704723879853,2.744541883468628,3.4796452525630595,0
-920.1821391859761,2.9762330055236816,3.601545998668298,0
-1180.0247255325617,2.000788927078247,3.3578694330062717,0
-1234.2941640247425,3.027646780014038,3.15966070367489,0
-869.741419811562,1.623573899269104,3.9716820929013195,0
-1197.1567850296321,2.535604953765869,3.329186625443399,0
-1540.252649806658,2.688669443130493,1.6331231772061436,0
-902.4551444678224,3.0121989250183105,3.796620785756968,0
-980.9924745084443,1.6032990217208862,3.8941742587275803,0
-1174.3946572049583,1.002402901649475,3.5116052413918077,0
-962.1597210546576,0.7555806040763855,3.57855277357623,0
-1542.0857768343465,3.0021233558654785,1.6386822656355797,0
-866.1399254104405,0.2601068615913391,3.723583921873942,0
-1072.2399937412595,1.2578054666519165,3.6861307795532046,0
-1500.723981339776,3.0657827854156494,1.772986439820379,0
-1170.4449913035041,1.341138243675232,3.4852793853823094,0
-1808.7007340848322,3.1119978427886963,0.4989070614753291,0
-1590.7883085153612,2.9097044467926025,1.447850166237913,0
-1486.4298364372867,2.538020133972168,1.9514689975976944,0
-1379.0013910090254,2.818638324737549,2.3503370765363796,0
-1179.8845289355063,1.4939913749694824,3.3709204524103553,0
-1068.7070119503105,0.8956740498542786,3.830218132456066,0
-1299.5625747924257,2.027639150619507,2.869846408516169,0
-1072.2508760443477,1.1110467910766602,3.736266687498428,0
-1394.7968438660955,2.957672357559204,2.4111217087972907,0
-943.0563297822073,2.1339802742004395,3.6745867679757067,0
-1812.8796020404482,3.011469841003418,0.5690845125250052,0
-966.6526799446505,1.3415433168411255,3.6758667518012227,0
-1592.0457337418268,2.581291675567627,1.4561852434044704,0
-1120.9781660061274,3.0283467769622803,3.5772572339582256,0
-1622.4071109178494,3.1329100131988525,1.2851014813291841,0
-1140.7866704890585,2.5600264072418213,3.6653845064900814,0
-1444.7706614012886,2.658097505569458,2.1237701743841173,0
-1725.5299143666323,2.776978015899658,0.8919248791434802,0
-1066.215010819314,1.1056113243103027,3.6807623274624346,0
-1137.7904123675842,2.6098697185516357,3.6175338686746543,0
-1467.0386681768398,2.3129513263702393,2.0734839633852244,0
-1678.315319923338,2.6441054344177246,1.0408540709747467,0
-990.3914753064523,2.290477752685547,3.7122667794115842,0
-860.416620049657,0.4107351005077362,3.604270224124193,0
-1380.8517929206773,2.82374906539917,2.3265872576832773,0
-868.3103983350499,1.5819406509399414,4.097316105470527,0
-1022.1639999558986,0.77418452501297,4.638739244453609,0
-1293.2889673393934,2.224846839904785,2.8734553682990374,0
-1156.7753894520547,1.8198744058609009,3.542822876088321,0
-1071.428942581468,1.681977391242981,3.632768662739545,0
-1065.3962944708026,1.251845359802246,3.662745872978121,0
-1073.3082620385676,1.2129467725753784,3.6154268614761533,0
-1513.3904115333394,2.4655704498291016,1.8141973993554712,0
-824.076258364528,2.725757360458374,3.7379666818492114,0
-1333.856437656318,1.7894655466079712,2.5891007864288986,0
-924.1671738074634,2.955922842025757,3.974276406010613,0
-957.9081060542334,1.3999253511428833,3.69348621558398,0
-1284.6858004692533,1.7250769138336182,3.006772478659841,0
-896.6273215918757,0.44409093260765076,4.1450411917734895,0
-1578.1077626073982,2.982600688934326,1.5840263062191662,0
-933.5151200628319,3.054346799850464,4.221753624007106,0
-965.2195441370304,0.23593921959400177,3.7019073271891103,0
-1019.8506052758885,1.0451626777648926,4.625478382594883,0
-1007.9351068692341,2.7799158096313477,3.6290690328739585,0
-1744.6411822790558,3.011671543121338,0.8045751158782514,0
-942.5569089708251,2.566652297973633,3.9842425109818578,0
-1360.2722786814554,2.307561159133911,2.4377042474085466,0
-1653.4544968211678,2.808380603790283,1.1263397759827785,0
-1548.5635980259335,2.467831611633301,1.628098987401463,0
-1171.5813377310096,1.4490655660629272,3.457795672621578,0
-1402.7041921236387,3.063762903213501,2.3052564742416144,0
-999.1286763401781,1.5675866603851318,4.310047773309052,0
-1080.8795539244545,2.16304612159729,3.7510145474225283,0
-1300.9942811466128,2.140164375305176,2.8502207032963636,0
-1175.5212141758107,0.8355176448822021,3.4969619265571237,0
-1046.6352463126962,2.1052658557891846,3.8124547907337547,0
-1170.27467508121,1.2746902704238892,3.5234025746089173,0
-1747.7956737497523,3.0725769996643066,0.7877379150677006,0
-1399.9113706361811,1.8401585817337036,2.554658560557291,0
-1504.472295478454,2.2934813499450684,1.8662332564452664,0
-631.7467405254473,0.9251425266265869,3.0470007992279715,0
-908.8723804669108,2.8618855476379395,3.922930168583989,0
-748.9198946153504,0.5426973104476929,3.4420404397603126,0
-1153.1030237300236,2.3278138637542725,3.5303083399683235,0
-1379.6522932673925,3.1228103637695312,2.464377881945111,0
-1586.7693530058766,2.9410409927368164,1.480694471253082,0
-1139.7130734883983,2.4477593898773193,3.607624606480822,0
-1772.569150035433,2.742469549179077,0.6784817416965961,0
-886.9504633697339,0.11214049160480499,4.063426673836075,0
-867.1765287777209,1.2365121841430664,3.905487179486081,0
-1190.004740838978,2.081202268600464,3.2686921875737607,0
-747.2040795826337,1.3390815258026123,3.3206713720597327,0
-1181.3429517507013,1.1342687606811523,3.410944305527955,0
-1559.1566108147588,2.095811605453491,1.4993978833639994,0
-1239.4895261926667,2.8006322383880615,3.2485917772047106,0
-1847.870544567309,3.0636656284332275,0.4318049504002556,0
-1249.9436763830981,2.5062599182128906,3.1824140894040465,0
-937.8378129973645,2.3490896224975586,3.843999679405242,0
-1328.9313215191846,2.2270610332489014,2.65333643685095,0
-1601.7307103375429,2.4604413509368896,1.3261380688060307,0
-959.1382140624941,1.736043095588684,3.685122455023229,0
-973.1795426156151,1.3100335597991943,3.8576492181513458,0
-1486.1934083161887,2.5534965991973877,1.9482467975839972,0
-856.9534781135694,1.1495091915130615,3.504088825294748,0
-1241.709289187807,3.06357741355896,3.0619642235524953,0
-868.7904169854036,1.7743312120437622,3.5516863579163327,0
-1298.8209020701565,2.19305682182312,2.8642128103692084,0
-1663.7811057399158,2.9459986686706543,1.1826339581026695,0
-1204.7853313539113,2.8436732292175293,3.2984435917343946,0
-1612.5200147453716,2.8675155639648438,1.3445878609892679,0
-1790.0029536262025,2.8963661193847656,0.7170287898508831,0
-1436.3104931303235,1.682352066040039,2.3382385527994485,0
-966.6352460767329,0.8101230263710022,3.7988141874596475,0
-1071.1805108092672,0.9960403442382812,3.777538772262633,0
-985.8380809876461,2.6303932666778564,3.6086137617984786,0
-1517.0211007804933,2.8076324462890625,1.7631032191193663,0
-1067.9133698832711,0.9569541811943054,3.6243251065560615,0
-1666.0744983036375,2.7095015048980713,1.112111983615323,0
-962.2036989602309,1.0748827457427979,3.788905314113945,0
-1313.522382610606,2.374044418334961,2.793379990118556,0
-1702.9807557470122,2.3775837421417236,1.0776594673667568,0
-1531.0200303380093,2.438875436782837,1.680616961652413,0
-967.1694911428752,0.7904649376869202,3.668225051872432,0
-1729.7818324288937,3.0083351135253906,0.8117460262682289,0
-1270.6873810054549,1.9157631397247314,3.1251476405281573,0
-1195.6430392405125,2.194005012512207,3.1466215070150794,0
-870.6605584579738,1.214046835899353,3.9502311876043676,0
-978.2401450701391,2.148545980453491,3.487924016267061,0
-1184.6664645276705,2.0123469829559326,3.311873009521514,0
-1714.9388977111228,2.885409355163574,0.9275856196484529,0
-746.1987666010211,1.4692760705947876,3.5776970472931864,0
-872.9849840881782,0.025243965908885002,3.8540957867354155,0
-1067.9517011410146,0.9450687766075134,3.8672204290144148,0
-955.1970259483452,1.4025541543960571,3.6851882079290226,0
-1152.7541701744665,1.8825231790542603,3.6808004376292227,0
-1769.050034044423,2.6207547187805176,0.6235121850925498,0
-967.7752042842969,1.0588856935501099,3.7260612323321403,0
-1073.588554952976,1.948593258857727,3.5096657608449457,0
-1205.893972010574,2.3735053539276123,3.1863942976295947,0
-1299.340810464986,1.9648452997207642,2.821133285202086,0
-1213.7940270265947,3.037872314453125,3.3229874671809374,0
-1074.4022110918934,1.325622797012329,3.678319981917739,0
-1365.0025822137268,2.9505245685577393,2.497006956199184,0
-1681.5770815267,2.466078281402588,1.0958315124129876,0
-1486.5118372946567,2.4888296127319336,1.762378038293682,0
-1297.4377674933744,1.568102478981018,2.8852989960520063,0
-1064.1512220529114,1.1434868574142456,3.5931751088031887,0
-1550.5117405919207,2.8492488861083984,1.619124948438257,0
-1369.970216906374,2.765148401260376,2.3977072507236152,0
-983.1188397959202,2.4065053462982178,3.552321887202561,0
-1456.3768677458916,2.872196912765503,2.160655240677297,0
-1054.8575886672927,2.1161720752716064,3.775326428776607,0
-1722.3330969153012,3.039503812789917,0.8968294852459803,0
-1648.3558958528045,2.976595878601074,1.1282462371489965,0
-813.2289379951865,2.8488714694976807,3.684740693717613,0
-1060.9123145695025,1.8738179206848145,3.9712161747924983,0
-1511.093547323421,2.9501240253448486,1.7564915248984472,0
-1326.231150280406,2.6393661499023438,2.712202426828444,0
-1420.3710443340017,2.10565185546875,2.4117381927743553,0
-1164.4022741659203,1.3209160566329956,3.424418502592016,0
-1063.0917826193538,1.2545254230499268,3.7443973476160317,0
-900.8593130242162,0.3577333688735962,4.2102467451617125,0
-893.6899566150644,2.5233712196350098,3.883451178073883,0
-1307.6856860008818,1.798319935798645,2.83359711730096,0
-1632.1070688580496,2.3301613330841064,1.3578992962214398,0
-1539.889607550164,2.730436086654663,1.658296359675005,0
-1549.0896125923364,2.705632209777832,1.6191910405876115,0
-1388.9392090577662,2.94184947013855,2.4529996981541626,0
-874.2164297254674,0.8666271567344666,3.8716569508612158,0
-1313.7335967564768,1.4989125728607178,2.815113313384354,0
-1347.3960253567598,1.965315818786621,2.467803862094879,0
-968.5587057305482,1.680646300315857,3.909833028353751,0
-1340.7296339381633,2.43652606010437,2.589303748146631,0
-964.2085068422366,1.1492799520492554,3.7073014115635305,0
-1023.4817917543219,2.858591318130493,3.7282269786670805,0
-928.7322647045384,2.9892609119415283,4.224114931705408,0
-865.0109715498432,0.43932709097862244,3.6723492490127683,0
-1295.1320206050589,2.1406259536743164,2.830238799378276,0
-1306.8103510542398,2.5208349227905273,2.830752586424351,0
-1581.267653261603,2.180433750152588,1.426736439364031,0
-1560.1850406488445,2.136542320251465,1.5419716106122359,0
-1398.516938852332,2.7423980236053467,2.449511295258999,0
-894.5973733572384,0.16849835216999054,4.243766664238646,0
-1266.5680995817668,1.9818792343139648,3.1474444200471043,0
-1436.7926263832583,3.007068157196045,2.1709458576329053,0
-1422.4090755578331,2.1987252235412598,2.3295779231376947,0
-1070.8730198821193,0.9194061756134033,3.6895752665773034,0
-1741.9314839399422,3.1212029457092285,0.8413588775694371,0
-1675.1707956292141,2.8447229862213135,1.0005502413853538,0
-870.988868036505,0.4592982828617096,3.7556821791734545,0
-1427.6192994455357,2.730408191680908,2.249816919788718,0
-800.3468533866434,2.67710280418396,3.8193599651753902,0
-1716.1855554413307,3.0282845497131348,0.9598208365542814,0
-872.0317961311804,0.3509390354156494,3.8088131731831525,0
-972.4958603824954,0.6833068132400513,3.8325490362383423,0
-1360.046523292931,2.8529698848724365,2.5066347864456473,0
-974.0635984172089,0.33732202649116516,3.831695202712435,0
-1414.7459874856524,2.7862002849578857,2.294913490023464,0
-1465.9631060577549,2.319727897644043,2.039450657698326,0
-868.6294239186733,0.9251211285591125,3.7994641695544122,0
-1512.2432772005607,2.51546573638916,1.8953681635065005,0
-889.4804078678984,0.9756651520729065,4.2060210303030905,0
-1347.3830202067525,2.7554421424865723,2.5880305099021643,0
-1684.5503049684467,2.590296983718872,1.1239217924559488,0
-808.3631377814005,3.096374034881592,3.770104258470237,0
-1666.060818312949,2.294018268585205,1.1645164021814707,0
-1462.633823161503,2.6589903831481934,2.0187552963662894,0
-966.78856456853,1.013630747795105,3.7837079486250875,0
-1414.8724171437714,1.4586209058761597,2.3424257296859285,0
-1339.4267001067333,2.3952577114105225,2.567914884099737,0
-747.0442485330856,0.5876673460006714,3.3608568559587,0
-888.0798782456252,2.1207404136657715,3.8914590161608067,0
-1496.1641240909653,2.102811336517334,1.872552226576954,0
-1072.9759464030876,1.209109902381897,3.6154280300438404,0
-935.8894264770879,2.288914918899536,3.7928621702454985,0
-1715.7297836419928,2.9529242515563965,0.9395151140657254,0
-1314.6706196909383,1.8040902614593506,2.7559385529533027,0
-891.5915763148427,0.3466782569885254,4.095753172263503,0
-1179.2678536576043,1.755590558052063,3.374892515586689,0
-922.0919253330205,2.7089531421661377,4.093836143836379,0
-1665.877299703283,2.902583599090576,1.1455275037745014,0
-1279.5800199935866,2.1404314041137695,3.023020928800106,0
-1223.4208419216163,2.9318199157714844,3.35163735229522,0
-1296.8928776671246,1.9234130382537842,2.8718241967912763,0
-1214.4003553234265,3.0355873107910156,3.2917379793711006,0
-1204.186285116094,2.760786771774292,3.2925840924237857,0
-1719.0387350673639,3.0253355503082275,0.8705590780405328,0
-1711.5885324063256,2.5791330337524414,0.9121167078241705,0
-1621.4914647653861,2.8298022747039795,1.258537722264955,0
-1251.1941535284411,2.803701639175415,3.0734271703334524,0
-1072.5006362151107,1.031846046447754,3.953587403744459,0
-870.3943185369142,0.8296951055526733,3.813853387562558,0
-1302.7404908318001,1.1347476243972778,2.919639914497093,0
-1475.9525082208697,2.460602045059204,1.9891724099218846,0
-1021.7952064818653,2.8263537883758545,3.7514299428649247,0
-1490.4621333674038,2.023209810256958,1.9234858981333673,0
-1441.796193425535,2.0463621616363525,2.224688951885328,0
-1035.9577276704017,2.625714063644409,3.91947111511603,0
-932.8460965451854,2.816962718963623,4.381499858386815,0
-1742.2500603703713,2.8024892807006836,0.7500715814251453,0
-1317.2686448530171,1.716160774230957,2.7105287713184953,0
-1075.7473583560186,1.4771156311035156,3.356938707046211,0
-1016.0131126558687,1.4707320928573608,4.75152665948961,0
-1681.8624857767236,2.845668077468872,1.0253399862837977,0
-1020.1335748545476,2.9426121711730957,3.903067788767512,0
-1256.1360686927708,2.6014106273651123,3.1258161129197104,0
