reward,episode_length,success,final_position,max_position
-200.0,200,0,-0.7846575975418091,-0.20216847956180573
-200.0,200,0,-0.252472460269928,-0.252472460269928
-200.0,200,0,-0.49591314792633057,-0.24127072095870972
-200.0,200,0,-0.6816091537475586,-0.34889864921569824
-200.0,200,0,-0.46343994140625,-0.27018797397613525
-200.0,200,0,-0.5651300549507141,-0.41561034321784973
-200.0,200,0,-0.49972835183143616,-0.4773810803890228
-200.0,200,0,-0.6119171977043152,-0.4239657521247864
-200.0,200,0,-0.5172221660614014,-0.4333754777908325
-200.0,200,0,-0.5743016600608826,-0.3076499402523041
-200.0,200,0,-0.3667943477630615,-0.3667943477630615
-200.0,200,0,-0.49937501549720764,-0.48408403992652893
-200.0,200,0,-0.5581626892089844,-0.407844215631485
-200.0,200,0,-0.5277794003486633,-0.41445812582969666
-200.0,200,0,-0.5298498272895813,-0.3823569715023041
-200.0,200,0,-0.578408420085907,-0.43869754672050476
-200.0,200,0,-0.5934575200080872,-0.351864755153656
-200.0,200,0,-0.6692320108413696,-0.36397436261177063
-200.0,200,0,-0.5900846719741821,-0.4222654104232788
-200.0,200,0,-0.5108405351638794,-0.4158029556274414
-200.0,200,0,-0.44195225834846497,-0.3502539098262787
-200.0,200,0,-0.5175492763519287,-0.41012856364250183
-200.0,200,0,-0.652984619140625,-0.22393634915351868
-200.0,200,0,-0.5287288427352905,-0.4612419009208679
-200.0,200,0,-0.40654659271240234,-0.33815935254096985
-200.0,200,0,-0.4258004128932953,-0.36303097009658813
-200.0,200,0,-0.5349225997924805,-0.4182940125465393
-200.0,200,0,-0.28969866037368774,-0.28828001022338867
-200.0,200,0,-0.6029804944992065,-0.4356875717639923
-200.0,200,0,-0.4442664682865143,-0.43972882628440857
-200.0,200,0,-0.5608556866645813,-0.43025827407836914
-200.0,200,0,-0.6585041880607605,-0.40739917755126953
-200.0,200,0,-0.4321225881576538,-0.42112433910369873
-200.0,200,0,-0.4455118477344513,-0.38737425208091736
-200.0,200,0,-0.6960858106613159,-0.2740021347999573
-200.0,200,0,-0.4494962692260742,-0.2776811718940735
-200.0,200,0,-0.6367326974868774,-0.3862696886062622
-200.0,200,0,-0.5872882008552551,-0.4016842842102051
-200.0,200,0,-0.6192992329597473,-0.3315221667289734
-200.0,200,0,-0.4480404555797577,-0.37327924370765686
-200.0,200,0,-0.7501578330993652,-0.2874222695827484
-200.0,200,0,-0.4780310392379761,-0.39122018218040466
-200.0,200,0,-0.534939169883728,-0.4241902530193329
-200.0,200,0,-0.673690676689148,-0.31716445088386536
-200.0,200,0,-0.7454360127449036,-0.31154969334602356
-200.0,200,0,-0.4839130938053131,-0.44469785690307617
-200.0,200,0,-0.46528565883636475,-0.4545120298862457
-200.0,200,0,-0.6715023517608643,-0.330928772687912
-200.0,200,0,-0.5086473822593689,-0.44570496678352356
-200.0,200,0,-0.6045899987220764,-0.42490798234939575
-200.0,200,0,-0.577916145324707,-0.2977876365184784
-200.0,200,0,-0.6549992561340332,-0.3238448202610016
-200.0,200,0,-0.4781159460544586,-0.39166930317878723
-200.0,200,0,-0.680903971195221,-0.33274713158607483
-200.0,200,0,-0.5233639478683472,-0.3670884966850281
-200.0,200,0,-0.5269873142242432,-0.3505841791629791
-200.0,200,0,-0.2976212799549103,-0.2976212799549103
-200.0,200,0,-0.49742498993873596,-0.46559062600135803
-200.0,200,0,-0.6392939686775208,-0.3958550989627838
-200.0,200,0,-0.4517121911048889,-0.41129350662231445
-200.0,200,0,-0.5967888236045837,-0.44998687505722046
-200.0,200,0,-0.552168607711792,-0.43853238224983215
-200.0,200,0,-0.4618559181690216,-0.4151856005191803
-200.0,200,0,-0.3617742955684662,-0.3617742955684662
-200.0,200,0,-0.326355516910553,-0.326355516910553
-200.0,200,0,-0.6585044264793396,-0.31813308596611023
-200.0,200,0,-0.5205974578857422,-0.4059155285358429
-200.0,200,0,-0.3886038661003113,-0.3886038661003113
-200.0,200,0,-0.5004522800445557,-0.32009971141815186
-200.0,200,0,-0.704933762550354,-0.36205244064331055
-200.0,200,0,-0.37638068199157715,-0.36671826243400574
-200.0,200,0,-0.559568464756012,-0.33365926146507263
-200.0,200,0,-0.464711457490921,-0.45442235469818115
-200.0,200,0,-0.7292599678039551,-0.34836992621421814
-200.0,200,0,-0.6901827454566956,-0.39310574531555176
-200.0,200,0,-0.6570040583610535,-0.4241859018802643
-200.0,200,0,-0.5069161057472229,-0.41386207938194275
-200.0,200,0,-0.4801112413406372,-0.4087519347667694
-200.0,200,0,-0.5252715945243835,-0.3487390875816345
-200.0,200,0,-0.5326152443885803,-0.3220103085041046
-200.0,200,0,-0.6270602345466614,-0.3205066919326782
-200.0,200,0,-0.6212857961654663,-0.42934390902519226
-200.0,200,0,-0.4874145984649658,-0.4429493844509125
-200.0,200,0,-0.41063907742500305,-0.39795827865600586
-200.0,200,0,-0.4350382685661316,-0.30245018005371094
-200.0,200,0,-0.5888529419898987,-0.43110987544059753
-200.0,200,0,-0.5599966645240784,-0.4466477930545807
-200.0,200,0,-0.5439392924308777,-0.44453495740890503
-200.0,200,0,-0.6801552176475525,-0.3682665228843689
-200.0,200,0,-0.5383672118186951,-0.3346225917339325
-200.0,200,0,-0.612010657787323,-0.39304038882255554
-200.0,200,0,-0.30940940976142883,-0.30940940976142883
-200.0,200,0,-0.34673699736595154,-0.25301018357276917
-200.0,200,0,-0.5629968643188477,-0.3925558626651764
-200.0,200,0,-0.5596126317977905,-0.46442076563835144
-200.0,200,0,-0.5164057612419128,-0.4283635914325714
-200.0,200,0,-0.5994512438774109,-0.3987351357936859
-200.0,200,0,-0.5330301523208618,-0.46865683794021606
-200.0,200,0,-0.5342918634414673,-0.3915175795555115
-200.0,200,0,-0.3948732018470764,-0.3948732018470764
-200.0,200,0,-0.4199502766132355,-0.33708176016807556
-200.0,200,0,-0.5722705721855164,-0.3441805839538574
-200.0,200,0,-0.4992539584636688,-0.3921714425086975
-200.0,200,0,-0.6023213863372803,-0.3737329840660095
-200.0,200,0,-0.3201133608818054,-0.2797343134880066
-200.0,200,0,-0.6937524676322937,-0.32202669978141785
-200.0,200,0,-0.6535933017730713,-0.441333144903183
-200.0,200,0,-0.4216102957725525,-0.4167747497558594
-200.0,200,0,-0.6305751800537109,-0.3536352217197418
-200.0,200,0,-0.4668787121772766,-0.45359596610069275
-200.0,200,0,-0.3388582468032837,-0.3314582407474518
-200.0,200,0,-0.7745051383972168,-0.22290703654289246
-200.0,200,0,-0.6317055225372314,-0.3209882974624634
-200.0,200,0,-0.43292826414108276,-0.41299960017204285
-200.0,200,0,-0.42225736379623413,-0.3810870051383972
-200.0,200,0,-0.5426926612854004,-0.402312308549881
-200.0,200,0,-0.5964865684509277,-0.33907362818717957
-200.0,200,0,-0.4580531716346741,-0.3291410803794861
-200.0,200,0,-0.5640172362327576,-0.44416630268096924
-200.0,200,0,-0.5245240330696106,-0.41026967763900757
-200.0,200,0,-0.3388747274875641,-0.24278299510478973
-200.0,200,0,-0.5521407127380371,-0.43845099210739136
-200.0,200,0,-0.624116063117981,-0.3171990215778351
-200.0,200,0,-0.5784836411476135,-0.47727257013320923
-200.0,200,0,-0.41218286752700806,-0.3963782787322998
-200.0,200,0,-0.4488403797149658,-0.42171356081962585
-200.0,200,0,-0.5214475989341736,-0.45925116539001465
-200.0,200,0,-0.4023821949958801,-0.3954335153102875
-200.0,200,0,-0.41111668944358826,-0.265966534614563
-200.0,200,0,-0.4953934848308563,-0.40961939096450806
-200.0,200,0,-0.5292242169380188,-0.39091408252716064
-200.0,200,0,-0.5002057552337646,-0.3619040250778198
-200.0,200,0,-0.5789443850517273,-0.4156438708305359
-200.0,200,0,-0.43449074029922485,-0.42770981788635254
-200.0,200,0,-0.41132622957229614,-0.3847634196281433
-200.0,200,0,-0.6434962749481201,-0.42131614685058594
-200.0,200,0,-0.5598159432411194,-0.44783449172973633
-200.0,200,0,-0.3213496208190918,-0.3213496208190918
-200.0,200,0,-0.35558193922042847,-0.35558193922042847
-200.0,200,0,-0.5963520407676697,-0.3929273188114166
-200.0,200,0,-0.2966715395450592,-0.18550176918506622
-200.0,200,0,-0.45206812024116516,-0.3909287452697754
-200.0,200,0,-0.46973922848701477,-0.4407135546207428
-200.0,200,0,-0.6365038156509399,-0.33188092708587646
-200.0,200,0,-0.46696606278419495,-0.44578251242637634
-200.0,200,0,-0.5687437653541565,-0.4220145344734192
-200.0,200,0,-0.5907313823699951,-0.41195815801620483
-200.0,200,0,-0.6090059280395508,-0.44518959522247314
-200.0,200,0,-0.5290365219116211,-0.454776406288147
-200.0,200,0,-0.5675960183143616,-0.40548175573349
-200.0,200,0,-0.5747911930084229,-0.43760210275650024
-200.0,200,0,-0.45164138078689575,-0.43075063824653625
-200.0,200,0,-0.5519837141036987,-0.3933776915073395
-200.0,200,0,-0.5988690853118896,-0.451999306678772
-200.0,200,0,-0.5559000968933105,-0.42359158396720886
-200.0,200,0,-0.6017628312110901,-0.3899024724960327
-200.0,200,0,-0.48340606689453125,-0.4035370945930481
-200.0,200,0,-0.5217580795288086,-0.4078640639781952
-200.0,200,0,-0.523808479309082,-0.38126546144485474
-200.0,200,0,-0.3704852759838104,-0.3704852759838104
-200.0,200,0,-0.5520808100700378,-0.4374443292617798
-200.0,200,0,-0.4509355425834656,-0.4438113868236542
-200.0,200,0,-0.3942505419254303,-0.3942505419254303
-200.0,200,0,-0.613675057888031,-0.41702818870544434
-200.0,200,0,-0.45390400290489197,-0.3845692276954651
-200.0,200,0,-0.4376468062400818,-0.3976215124130249
-200.0,200,0,-0.6237938404083252,-0.29626893997192383
-200.0,200,0,-0.5994957685470581,-0.3920002281665802
-200.0,200,0,-0.8351548910140991,-0.2635871469974518
-200.0,200,0,-0.6131283640861511,-0.4062490165233612
-200.0,200,0,-0.4715833067893982,-0.3369525372982025
-200.0,200,0,-0.5610159635543823,-0.3177739977836609
-200.0,200,0,-0.609817624092102,-0.45452165603637695
-200.0,200,0,-0.3506741523742676,-0.3506741523742676
-200.0,200,0,-0.5074427127838135,-0.41605255007743835
-200.0,200,0,-0.6523124575614929,-0.41073840856552124
-200.0,200,0,-0.5502623915672302,-0.40390121936798096
-200.0,200,0,-0.5480901598930359,-0.41367775201797485
-200.0,200,0,-0.42536547780036926,-0.41732046008110046
-200.0,200,0,-0.4598467946052551,-0.44852206110954285
-200.0,200,0,-0.3904988169670105,-0.3795968294143677
-200.0,200,0,-0.6119405627250671,-0.3886359632015228
-200.0,200,0,-0.47324660420417786,-0.4283941686153412
-200.0,200,0,-0.4555727243423462,-0.4476940333843231
-200.0,200,0,-0.4535301625728607,-0.3919641077518463
-200.0,200,0,-0.551604688167572,-0.43405529856681824
-200.0,200,0,-0.40247470140457153,-0.37872421741485596
-200.0,200,0,-0.5184080600738525,-0.4234778881072998
-200.0,200,0,-0.4541296064853668,-0.44038906693458557
-200.0,200,0,-0.4512721002101898,-0.4499956965446472
-200.0,200,0,-0.5136138200759888,-0.35793226957321167
-200.0,200,0,-0.5322867631912231,-0.44259223341941833
-200.0,200,0,-0.448184609413147,-0.3853125274181366
-200.0,200,0,-0.5020164847373962,-0.4040752649307251
-200.0,200,0,-0.3972513973712921,-0.3972513973712921
-200.0,200,0,-0.5972985625267029,-0.27032625675201416
-200.0,200,0,-0.4576365649700165,-0.43455275893211365
-200.0,200,0,-0.5051782131195068,-0.3007075786590576
-200.0,200,0,-0.4786273241043091,-0.37577375769615173
-200.0,200,0,-0.5711215734481812,-0.42619195580482483
-200.0,200,0,-0.5368847846984863,-0.33374109864234924
-200.0,200,0,-0.553794801235199,-0.42687708139419556
-200.0,200,0,-0.47519955039024353,-0.4211095869541168
-200.0,200,0,-0.6057624220848083,-0.3623899817466736
-200.0,200,0,-0.4891650974750519,-0.3963232636451721
-200.0,200,0,-0.3961982727050781,-0.3791709542274475
-200.0,200,0,-0.49984976649284363,-0.45951709151268005
-200.0,200,0,-0.5572600960731506,-0.3227246105670929
-200.0,200,0,-0.36368507146835327,-0.3354025185108185
-200.0,200,0,-0.5505669713020325,-0.3489004373550415
-200.0,200,0,-0.6036723852157593,-0.3620171546936035
-200.0,200,0,-0.514818012714386,-0.3871806561946869
-200.0,200,0,-0.5157647728919983,-0.40527281165122986
-200.0,200,0,-0.47431665658950806,-0.4222966432571411
-200.0,200,0,-0.48768192529678345,-0.40952542424201965
-200.0,200,0,-0.42515891790390015,-0.3451263904571533
-200.0,200,0,-0.5553049445152283,-0.3964870274066925
-200.0,200,0,-0.6617845296859741,-0.38627275824546814
-200.0,200,0,-0.5806514024734497,-0.41312098503112793
-200.0,200,0,-0.5454530715942383,-0.45727670192718506
-200.0,200,0,-0.608309805393219,-0.270471453666687
-200.0,200,0,-0.37013688683509827,-0.37013688683509827
-200.0,200,0,-0.46871721744537354,-0.46871721744537354
-200.0,200,0,-0.5147411823272705,-0.3872475028038025
-200.0,200,0,-0.5460036396980286,-0.46692192554473877
-200.0,200,0,-0.43405139446258545,-0.4317186772823334
-200.0,200,0,-0.4874112606048584,-0.35030147433280945
-200.0,200,0,-0.4960278272628784,-0.4617616534233093
-200.0,200,0,-0.5045014023780823,-0.43404096364974976
-200.0,200,0,-0.6204098463058472,-0.40187299251556396
-200.0,200,0,-0.5836254954338074,-0.4405958950519562
-200.0,200,0,-0.5555721521377563,-0.43223148584365845
-200.0,200,0,-0.594249427318573,-0.29729577898979187
-200.0,200,0,-0.5888086557388306,-0.39972934126853943
-200.0,200,0,-0.683844268321991,-0.3287152349948883
-200.0,200,0,-0.5415062308311462,-0.4572548270225525
-200.0,200,0,-0.5191994309425354,-0.4586182236671448
-200.0,200,0,-0.5542806386947632,-0.3402816653251648
-200.0,200,0,-0.6226680278778076,-0.4002501666545868
-200.0,200,0,-0.6653703451156616,-0.4097331762313843
-200.0,200,0,-0.4754991829395294,-0.463241845369339
-200.0,200,0,-0.5302479267120361,-0.36877891421318054
-200.0,200,0,-0.6431003212928772,-0.28682026267051697
-200.0,200,0,-0.6189619302749634,-0.3644999563694
-200.0,200,0,-0.3273439407348633,-0.2500901520252228
-200.0,200,0,-0.5032732486724854,-0.4294348955154419
-200.0,200,0,-0.47966837882995605,-0.3994216024875641
-200.0,200,0,-0.44499891996383667,-0.4314349591732025
-200.0,200,0,-0.5161492228507996,-0.4522542655467987
-200.0,200,0,-0.5047663450241089,-0.47423824667930603
-200.0,200,0,-0.6351810097694397,-0.4100576639175415
-200.0,200,0,-0.5077809691429138,-0.41736525297164917
-200.0,200,0,-0.5567670464515686,-0.3600805997848511
-200.0,200,0,-0.5869989395141602,-0.364727646112442
-200.0,200,0,-0.4902295768260956,-0.21274076402187347
-200.0,200,0,-0.5025429725646973,-0.416846364736557
-200.0,200,0,-0.5935323238372803,-0.4709779620170593
-200.0,200,0,-0.5140947103500366,-0.45760226249694824
-200.0,200,0,-0.7244819402694702,-0.3156306743621826
-200.0,200,0,-0.6373783946037292,-0.33089929819107056
-200.0,200,0,-0.6227989196777344,-0.44107839465141296
-200.0,200,0,-0.7605377435684204,-0.3150513768196106
-200.0,200,0,-0.5249541997909546,-0.37965866923332214
-200.0,200,0,-0.6372573971748352,-0.2839268743991852
-200.0,200,0,-0.5121136903762817,-0.4382900595664978
-200.0,200,0,-0.4226859211921692,-0.4145474433898926
-200.0,200,0,-0.4199664890766144,-0.2995559275150299
-200.0,200,0,-0.46959826350212097,-0.4501473903656006
-200.0,200,0,-0.5760374069213867,-0.41231682896614075
-200.0,200,0,-0.6331558227539062,-0.43503785133361816
-200.0,200,0,-0.6657584309577942,-0.3864308297634125
-200.0,200,0,-0.49265140295028687,-0.4571855068206787
-200.0,200,0,-0.5189639329910278,-0.4134798049926758
-200.0,200,0,-0.7337154746055603,-0.3063279688358307
-200.0,200,0,-0.5022091269493103,-0.330604612827301
-200.0,200,0,-0.5014222860336304,-0.38349324464797974
-200.0,200,0,-0.6723409295082092,-0.3381536602973938
-200.0,200,0,-0.633171021938324,-0.4291357398033142
-200.0,200,0,-0.8680925965309143,-0.16554196178913116
-200.0,200,0,-0.508006751537323,-0.44046953320503235
-200.0,200,0,-0.4772449731826782,-0.47530433535575867
-200.0,200,0,-0.5982934236526489,-0.38621386885643005
-200.0,200,0,-0.4613754451274872,-0.4613754451274872
-200.0,200,0,-0.43128636479377747,-0.43048399686813354
-200.0,200,0,-0.483417272567749,-0.4365267753601074
-200.0,200,0,-0.6272996664047241,-0.35046887397766113
-200.0,200,0,-0.4649072289466858,-0.32621562480926514
-200.0,200,0,-0.36908021569252014,-0.34927159547805786
-200.0,200,0,-0.6039926409721375,-0.18800951540470123
-200.0,200,0,-0.42466071248054504,-0.42466071248054504
-200.0,200,0,-0.3030007481575012,-0.2687646448612213
-200.0,200,0,-0.3929702043533325,-0.3929702043533325
-200.0,200,0,-0.3833482563495636,-0.35601988434791565
-200.0,200,0,-0.6467623114585876,-0.4018037021160126
-200.0,200,0,-0.4211038649082184,-0.3254756033420563
-200.0,200,0,-0.4572555124759674,-0.3595813810825348
-200.0,200,0,-0.5168508887290955,-0.3852826654911041
-200.0,200,0,-0.34981057047843933,-0.32893937826156616
-200.0,200,0,-0.4805032014846802,-0.3690418004989624
-200.0,200,0,-0.5124655961990356,-0.4671781659126282
-200.0,200,0,-0.40178626775741577,-0.3621610105037689
-200.0,200,0,-0.6563218832015991,-0.44121038913726807
-200.0,200,0,-0.4208897650241852,-0.36413875222206116
-200.0,200,0,-0.6060410141944885,-0.42508602142333984
-200.0,200,0,-0.46254754066467285,-0.3346509635448456
-200.0,200,0,-0.5990756750106812,-0.4422582983970642
-200.0,200,0,-0.41501331329345703,-0.41501331329345703
-200.0,200,0,-0.3777393698692322,-0.36489105224609375
-200.0,200,0,-0.6167670488357544,-0.2684169411659241
-200.0,200,0,-0.5608669519424438,-0.27139416337013245
-200.0,200,0,-0.7588725686073303,-0.34099245071411133
-200.0,200,0,-0.6007133722305298,-0.4286686182022095
-200.0,200,0,-0.6460444927215576,-0.3253962993621826
-200.0,200,0,-0.5613918304443359,-0.38526785373687744
-200.0,200,0,-0.5143319368362427,-0.4508622884750366
-200.0,200,0,-0.5960806012153625,-0.4049636125564575
-200.0,200,0,-0.48283615708351135,-0.38164636492729187
-200.0,200,0,-0.25084903836250305,-0.20801061391830444
-200.0,200,0,-0.5701513290405273,-0.4148433208465576
-200.0,200,0,-0.6595650911331177,-0.42613139748573303
-200.0,200,0,-0.6059780716896057,-0.4124186336994171
-200.0,200,0,-0.6449710726737976,-0.391533762216568
-200.0,200,0,-0.6174246072769165,-0.31153491139411926
-200.0,200,0,-0.5257703065872192,-0.35143592953681946
-200.0,200,0,-0.3385714888572693,-0.3385714888572693
-200.0,200,0,-0.4766935706138611,-0.4083218276500702
-200.0,200,0,-0.6063324213027954,-0.4085921347141266
-200.0,200,0,-0.5949239730834961,-0.44035208225250244
-200.0,200,0,-0.47416242957115173,-0.367024689912796
-200.0,200,0,-0.5228500366210938,-0.39202389121055603
-200.0,200,0,-0.5667058825492859,-0.38306185603141785
-200.0,200,0,-0.6916634440422058,-0.3865189552307129
-200.0,200,0,-0.5588239431381226,-0.37172746658325195
-200.0,200,0,-0.6300954818725586,-0.30407842993736267
-200.0,200,0,-0.6388415098190308,-0.38727349042892456
-200.0,200,0,-0.6200095415115356,-0.43803906440734863
-200.0,200,0,-0.49348166584968567,-0.46104419231414795
-200.0,200,0,-0.5432080626487732,-0.4450315833091736
-200.0,200,0,-0.702168881893158,-0.34152913093566895
-200.0,200,0,-0.702207088470459,-0.29806360602378845
-200.0,200,0,-0.6279948353767395,-0.37231186032295227
-200.0,200,0,-0.5752745866775513,-0.35924482345581055
-200.0,200,0,-0.5086590647697449,-0.4400804042816162
-200.0,200,0,-0.6095325946807861,-0.32188671827316284
-200.0,200,0,-0.5922215580940247,-0.38144198060035706
-200.0,200,0,-0.4322344958782196,-0.40406906604766846
-200.0,200,0,-0.4533253610134125,-0.43951982259750366
-200.0,200,0,-0.37626564502716064,-0.36496201157569885
-200.0,200,0,-0.5457664728164673,-0.36010828614234924
-200.0,200,0,-0.5791488885879517,-0.4120570719242096
-200.0,200,0,-0.18665112555027008,-0.18665112555027008
-200.0,200,0,-0.5657082796096802,-0.42782506346702576
-200.0,200,0,-0.49396252632141113,-0.4106387794017792
-200.0,200,0,-0.5226413607597351,-0.41205939650535583
-200.0,200,0,-0.46431878209114075,-0.4277004599571228
-200.0,200,0,-0.6244865655899048,-0.33330732583999634
-200.0,200,0,-0.6970607042312622,-0.2758967876434326
-200.0,200,0,-0.5167790055274963,-0.40705937147140503
-200.0,200,0,-0.5128569602966309,-0.43562453985214233
-200.0,200,0,-0.6782859563827515,-0.32211101055145264
-200.0,200,0,-0.5391079187393188,-0.3979554772377014
-200.0,200,0,-0.5275456309318542,-0.3750891387462616
-200.0,200,0,-0.3777388036251068,-0.24473558366298676
-200.0,200,0,-0.5920013785362244,-0.3694421648979187
-200.0,200,0,-0.4132362902164459,-0.3517741858959198
-200.0,200,0,-0.6230109333992004,-0.4226427972316742
-200.0,200,0,-0.6782941818237305,-0.3210568428039551
-200.0,200,0,-0.38659578561782837,-0.3373182713985443
-200.0,200,0,-0.5282546877861023,-0.43640223145484924
-200.0,200,0,-0.3973584473133087,-0.3312619924545288
-200.0,200,0,-0.4243569076061249,-0.4243569076061249
-200.0,200,0,-0.5210255980491638,-0.4520764648914337
-200.0,200,0,-0.5157983303070068,-0.4693475663661957
-200.0,200,0,-0.4294608235359192,-0.40724849700927734
-200.0,200,0,-0.6557105779647827,-0.3337615430355072
-200.0,200,0,-0.5330373644828796,-0.40943819284439087
-200.0,200,0,-0.5096992254257202,-0.4308049976825714
-200.0,200,0,-0.6654379367828369,-0.36988019943237305
-200.0,200,0,-0.5204408168792725,-0.3590850830078125
-200.0,200,0,-0.5528135895729065,-0.3841187059879303
-200.0,200,0,-0.6010168790817261,-0.37981563806533813
-200.0,200,0,-0.3434187173843384,-0.3384677469730377
-200.0,200,0,-0.4717830419540405,-0.40584784746170044
-200.0,200,0,-0.41974467039108276,-0.3984217047691345
-200.0,200,0,-0.5494773983955383,-0.4763505756855011
-200.0,200,0,-0.6331689357757568,-0.4357571601867676
-200.0,200,0,-0.6034768223762512,-0.4579707086086273
-200.0,200,0,-0.45368292927742004,-0.44039663672447205
-200.0,200,0,-0.6532115340232849,-0.3548937141895294
-200.0,200,0,-0.5708168148994446,-0.3834696412086487
-200.0,200,0,-0.5353266596794128,-0.44502347707748413
-200.0,200,0,-0.5084241032600403,-0.4740045964717865
-200.0,200,0,-0.6347484588623047,-0.45385515689849854
-200.0,200,0,-0.6037800312042236,-0.4387294054031372
-200.0,200,0,-0.5563486814498901,-0.4433858096599579
-200.0,200,0,-0.32546791434288025,-0.31935814023017883
-200.0,200,0,-0.5619334578514099,-0.4278941750526428
-200.0,200,0,-0.6438860297203064,-0.3589962422847748
-200.0,200,0,-0.60837721824646,-0.40352362394332886
-200.0,200,0,-0.6657750606536865,-0.3771689534187317
-200.0,200,0,-0.4889523386955261,-0.4669533967971802
-200.0,200,0,-0.35492727160453796,-0.35492727160453796
-200.0,200,0,-0.38589969277381897,-0.38012397289276123
-200.0,200,0,-0.5005509257316589,-0.3715147078037262
-200.0,200,0,-0.39299771189689636,-0.39299771189689636
-200.0,200,0,-0.3298262059688568,-0.3298262059688568
-200.0,200,0,-0.510053813457489,-0.3946869671344757
-200.0,200,0,-0.5574378371238708,-0.3831603229045868
-200.0,200,0,-0.44277313351631165,-0.388923704624176
-200.0,200,0,-0.5720206499099731,-0.46759089827537537
-200.0,200,0,-0.7107636332511902,-0.20936250686645508
-200.0,200,0,-0.6954284310340881,-0.3211056888103485
-200.0,200,0,-0.563563883304596,-0.4241427779197693
-200.0,200,0,-0.5902473330497742,-0.28312593698501587
-200.0,200,0,-0.6091791391372681,-0.38793426752090454
-200.0,200,0,-0.40006595849990845,-0.2827182710170746
-200.0,200,0,-0.4781220257282257,-0.4614194631576538
-200.0,200,0,-0.4922039210796356,-0.3489343822002411
-200.0,200,0,-0.4169953763484955,-0.350021630525589
-200.0,200,0,-0.7198334336280823,-0.33783990144729614
-200.0,200,0,-0.6317747235298157,-0.4245266616344452
-200.0,200,0,-0.4877387285232544,-0.37279847264289856
-200.0,200,0,-0.3511522114276886,-0.3511522114276886
-200.0,200,0,-0.3344433307647705,-0.22543519735336304
-200.0,200,0,-0.4817295968532562,-0.45582857728004456
-200.0,200,0,-0.5481576919555664,-0.46593376994132996
-200.0,200,0,-0.5239108204841614,-0.3774336278438568
-200.0,200,0,-0.5116558074951172,-0.3905748128890991
-200.0,200,0,-0.4981813132762909,-0.41752007603645325
-200.0,200,0,-0.5818005800247192,-0.4052254855632782
-200.0,200,0,-0.5814946293830872,-0.433913916349411
-200.0,200,0,-0.6241857409477234,-0.39063435792922974
-200.0,200,0,-0.504117488861084,-0.3761236071586609
-200.0,200,0,-0.4366280138492584,-0.3428850769996643
-200.0,200,0,-0.5057753324508667,-0.4217711091041565
-200.0,200,0,-0.5773035287857056,-0.4320542812347412
-200.0,200,0,-0.4205823242664337,-0.39981627464294434
-200.0,200,0,-0.3769948184490204,-0.3450104892253876
-200.0,200,0,-0.3988438546657562,-0.3646278977394104
-200.0,200,0,-0.6255099177360535,-0.42669007182121277
-200.0,200,0,-0.45092490315437317,-0.4405691623687744
-200.0,200,0,-0.32192108035087585,-0.310781329870224
-200.0,200,0,-0.4697054624557495,-0.29680758714675903
-200.0,200,0,-0.4473840296268463,-0.4428742527961731
-200.0,200,0,-0.5228827595710754,-0.43989434838294983
-200.0,200,0,-0.6660552620887756,-0.34204187989234924
-200.0,200,0,-0.4667549133300781,-0.4106636047363281
-200.0,200,0,-0.4526219069957733,-0.4386320114135742
-200.0,200,0,-0.53481125831604,-0.4212528467178345
-200.0,200,0,-0.4392682611942291,-0.43337610363960266
-200.0,200,0,-0.5954402685165405,-0.4374378025531769
-200.0,200,0,-0.3803126811981201,-0.34757670760154724
-200.0,200,0,-0.6890190839767456,-0.3329828679561615
-200.0,200,0,-0.5505788922309875,-0.42749884724617004
-200.0,200,0,-0.5406897664070129,-0.3375228941440582
-200.0,200,0,-0.5848575830459595,-0.43718138337135315
-200.0,200,0,-0.3643737733364105,-0.3641924262046814
-200.0,200,0,-0.5296906232833862,-0.4116365611553192
-200.0,200,0,-0.4568588137626648,-0.39395272731781006
-200.0,200,0,-0.5726149082183838,-0.29178035259246826
-200.0,200,0,-0.6363674402236938,-0.34258708357810974
-200.0,200,0,-0.6298863291740417,-0.40984734892845154
-200.0,200,0,-0.49456870555877686,-0.4173201322555542
-200.0,200,0,-0.43691664934158325,-0.35939767956733704
-200.0,200,0,-0.5664015412330627,-0.3828503489494324
-200.0,200,0,-0.6806618571281433,-0.4231948256492615
-200.0,200,0,-0.6176884174346924,-0.2879035174846649
-200.0,200,0,-0.5052290558815002,-0.4810073971748352
-200.0,200,0,-0.7387673854827881,-0.2736479341983795
-200.0,200,0,-0.4893765449523926,-0.3645939528942108
-200.0,200,0,-0.44438663125038147,-0.40442246198654175
-200.0,200,0,-0.36438876390457153,-0.36438876390457153
-200.0,200,0,-0.4253576397895813,-0.4061335325241089
-200.0,200,0,-0.5726889967918396,-0.37844163179397583
-200.0,200,0,-0.6685497760772705,-0.334108829498291
-200.0,200,0,-0.5198439955711365,-0.43711772561073303
-200.0,200,0,-0.539147675037384,-0.4373030662536621
-200.0,200,0,-0.39069584012031555,-0.32114264369010925
-200.0,200,0,-0.43647077679634094,-0.37424591183662415
-200.0,200,0,-0.6168559193611145,-0.3583519160747528
-200.0,200,0,-0.4577942490577698,-0.38398241996765137
-200.0,200,0,-0.3562300205230713,-0.34242895245552063
-200.0,200,0,-0.3669740855693817,-0.3669740855693817
-200.0,200,0,-0.4707586467266083,-0.4514223337173462
-200.0,200,0,-0.30007150769233704,-0.30007150769233704
-200.0,200,0,-0.6375697255134583,-0.3055061995983124
-200.0,200,0,-0.6100508570671082,-0.3580862581729889
-200.0,200,0,-0.43292146921157837,-0.3995932936668396
-200.0,200,0,-0.5530844330787659,-0.3924248516559601
-200.0,200,0,-0.5965898633003235,-0.3488926887512207
-200.0,200,0,-0.6834023594856262,-0.30891910195350647
-200.0,200,0,-0.5237343311309814,-0.3551598787307739
-200.0,200,0,-0.5653277635574341,-0.4610086977481842
-200.0,200,0,-0.48212766647338867,-0.3241542875766754
-200.0,200,0,-0.5157292485237122,-0.4507594406604767
-200.0,200,0,-0.47490954399108887,-0.4565733075141907
-200.0,200,0,-0.6590327024459839,-0.43929049372673035
-200.0,200,0,-0.31613001227378845,-0.2858676314353943
-200.0,200,0,-0.5108762383460999,-0.4259023666381836
-200.0,200,0,-0.5470836162567139,-0.42180371284484863
-200.0,200,0,-0.6468539237976074,-0.3449234962463379
-200.0,200,0,-0.5257704257965088,-0.4912065863609314
-200.0,200,0,-0.4855584502220154,-0.4208603799343109
-200.0,200,0,-0.5230669975280762,-0.42000338435173035
-200.0,200,0,-0.41194459795951843,-0.4000560939311981
-200.0,200,0,-0.6289068460464478,-0.3555840849876404
-200.0,200,0,-0.41537123918533325,-0.38540536165237427
-200.0,200,0,-0.6638256907463074,-0.4331628978252411
-200.0,200,0,-0.5262922048568726,-0.4296368360519409
-200.0,200,0,-0.4830121397972107,-0.3532258868217468
-200.0,200,0,-0.5381113290786743,-0.3308158814907074
-200.0,200,0,-0.47959309816360474,-0.3473067879676819
-200.0,200,0,-0.48903578519821167,-0.4018760919570923
-200.0,200,0,-0.5581278204917908,-0.44196605682373047
-200.0,200,0,-0.500623881816864,-0.4534780979156494
-200.0,200,0,-0.5225408673286438,-0.43480348587036133
-200.0,200,0,-0.5464277267456055,-0.39192792773246765
-200.0,200,0,-0.5590101480484009,-0.4346458315849304
-200.0,200,0,-0.5498067140579224,-0.46594658493995667
-200.0,200,0,-0.35374781489372253,-0.35374781489372253
-200.0,200,0,-0.5306127071380615,-0.3851129114627838
-200.0,200,0,-0.5715764760971069,-0.46741342544555664
-200.0,200,0,-0.41250768303871155,-0.36838534474372864
-200.0,200,0,-0.26161518692970276,-0.2545376718044281
-200.0,200,0,-0.2886319160461426,-0.2886319160461426
-200.0,200,0,-0.5105504393577576,-0.4091392457485199
-200.0,200,0,-0.5934450626373291,-0.322505921125412
-200.0,200,0,-0.4090426564216614,-0.26684191823005676
-200.0,200,0,-0.5648261308670044,-0.45583319664001465
-200.0,200,0,-0.513929009437561,-0.39608657360076904
-200.0,200,0,-0.5422908067703247,-0.41073277592658997
-200.0,200,0,-0.584368109703064,-0.3854251205921173
-200.0,200,0,-0.41134893894195557,-0.2812786400318146
-200.0,200,0,-0.4685744345188141,-0.3655986487865448
-200.0,200,0,-0.6576328873634338,-0.3189292848110199
-200.0,200,0,-0.6451812982559204,-0.4142703413963318
-200.0,200,0,-0.4610568881034851,-0.42432647943496704
-200.0,200,0,-0.594482421875,-0.3328452706336975
-200.0,200,0,-0.5914230942726135,-0.4093235433101654
-200.0,200,0,-0.532787561416626,-0.4222300946712494
-200.0,200,0,-0.4742547869682312,-0.3995778560638428
-200.0,200,0,-0.4280843436717987,-0.3503440022468567
-200.0,200,0,-0.6296936869621277,-0.3320159912109375
-200.0,200,0,-0.6180697679519653,-0.4203760623931885
-200.0,200,0,-0.4952636659145355,-0.406982958316803
-200.0,200,0,-0.5112457871437073,-0.4759613871574402
-200.0,200,0,-0.5224825739860535,-0.4003084599971771
-200.0,200,0,-0.4871163070201874,-0.43957969546318054
-200.0,200,0,-0.40303537249565125,-0.40303537249565125
-200.0,200,0,-0.4776178002357483,-0.4142860770225525
-200.0,200,0,-0.538162887096405,-0.3904920518398285
-200.0,200,0,-0.667617917060852,-0.3392275869846344
-200.0,200,0,-0.5185573101043701,-0.44394123554229736
-200.0,200,0,-0.39645880460739136,-0.30260637402534485
-200.0,200,0,-0.5542485117912292,-0.4377865493297577
-200.0,200,0,-0.5229219198226929,-0.4487074315547943
-200.0,200,0,-0.694670557975769,-0.2882084548473358
-200.0,200,0,-0.6428278684616089,-0.4494623839855194
-200.0,200,0,-0.7752841114997864,-0.2932586967945099
-200.0,200,0,-0.4753815829753876,-0.25143617391586304
-200.0,200,0,-0.4731902778148651,-0.36768534779548645
-200.0,200,0,-0.6897321939468384,-0.3323613405227661
-200.0,200,0,-0.6495059728622437,-0.39979588985443115
-200.0,200,0,-0.585689902305603,-0.4207114279270172
-200.0,200,0,-0.5655350089073181,-0.34524646401405334
-200.0,200,0,-0.5192616581916809,-0.4692864716053009
-200.0,200,0,-0.5220550894737244,-0.4235554039478302
-200.0,200,0,-0.6511486172676086,-0.34740379452705383
-200.0,200,0,-0.44921356439590454,-0.44739338755607605
-200.0,200,0,-0.4576467275619507,-0.3451929986476898
-200.0,200,0,-0.5628451108932495,-0.417266845703125
-200.0,200,0,-0.5191419124603271,-0.38495033979415894
-200.0,200,0,-0.5761340260505676,-0.3174648582935333
-200.0,200,0,-0.5882869362831116,-0.2773183584213257
-200.0,200,0,-0.5019938349723816,-0.42880579829216003
-200.0,200,0,-0.5836395621299744,-0.442994624376297
-200.0,200,0,-0.3933297395706177,-0.31325507164001465
-200.0,200,0,-0.6745505332946777,-0.4007313549518585
-200.0,200,0,-0.6851969957351685,-0.2871643304824829
-200.0,200,0,-0.34708261489868164,-0.33175328373908997
-200.0,200,0,-0.6194365620613098,-0.31469854712486267
-200.0,200,0,-0.6237180829048157,-0.4650324285030365
-200.0,200,0,-0.5753496289253235,-0.36693304777145386
-200.0,200,0,-0.6242367625236511,-0.3095857799053192
-200.0,200,0,-0.6135143041610718,-0.43404868245124817
-200.0,200,0,-0.44788292050361633,-0.3934735357761383
-200.0,200,0,-0.5398164987564087,-0.3059385120868683
-200.0,200,0,-0.5935283899307251,-0.35621076822280884
-200.0,200,0,-0.3923968970775604,-0.3791410028934479
-200.0,200,0,-0.3871065378189087,-0.33704206347465515
-200.0,200,0,-0.470811665058136,-0.45566442608833313
-200.0,200,0,-0.5834857821464539,-0.42944225668907166
-200.0,200,0,-0.7104029655456543,-0.3564436137676239
-200.0,200,0,-0.6315704584121704,-0.27311232686042786
-200.0,200,0,-0.5225714445114136,-0.2943572998046875
-200.0,200,0,-0.5197075009346008,-0.4567777216434479
-200.0,200,0,-0.48718538880348206,-0.48718538880348206
-200.0,200,0,-0.6671083569526672,-0.38060811161994934
-200.0,200,0,-0.4543255865573883,-0.4543255865573883
-200.0,200,0,-0.6149325370788574,-0.3025112450122833
-200.0,200,0,-0.5766543745994568,-0.42829272150993347
-200.0,200,0,-0.5654717683792114,-0.3728053569793701
-200.0,200,0,-0.5625893473625183,-0.4205774962902069
-200.0,200,0,-0.5431474447250366,-0.41280895471572876
-200.0,200,0,-0.549281120300293,-0.41606658697128296
-200.0,200,0,-0.5558310151100159,-0.36795637011528015
-200.0,200,0,-0.5880752801895142,-0.45623284578323364
-200.0,200,0,-0.47163283824920654,-0.4325343370437622
-200.0,200,0,-0.32142239809036255,-0.22893880307674408
-200.0,200,0,-0.5323962569236755,-0.4378564953804016
-200.0,200,0,-0.5676220059394836,-0.3788115084171295
-200.0,200,0,-0.5125759243965149,-0.4810190200805664
-200.0,200,0,-0.3295740783214569,-0.29306331276893616
-200.0,200,0,-0.33560097217559814,-0.33560097217559814
-200.0,200,0,-0.49942266941070557,-0.4408283531665802
-200.0,200,0,-0.5408061146736145,-0.3947478234767914
-200.0,200,0,-0.7328401207923889,-0.2953287661075592
-200.0,200,0,-0.5576474070549011,-0.3152410686016083
-200.0,200,0,-0.5477436780929565,-0.44923844933509827
-200.0,200,0,-0.3720148503780365,-0.3671776354312897
-200.0,200,0,-0.6553402543067932,-0.31149861216545105
-200.0,200,0,-0.5266907811164856,-0.44841763377189636
-200.0,200,0,-0.6220250725746155,-0.37975746393203735
-200.0,200,0,-0.4905109703540802,-0.4306032359600067
-200.0,200,0,-0.5500216484069824,-0.4317129850387573
-200.0,200,0,-0.49469637870788574,-0.4496269226074219
-200.0,200,0,-0.6238768696784973,-0.481539785861969
-200.0,200,0,-0.5757151246070862,-0.44139084219932556
-200.0,200,0,-0.4693106710910797,-0.4030395448207855
-200.0,200,0,-0.5683548450469971,-0.4055558741092682
-200.0,200,0,-0.4055175483226776,-0.39163321256637573
-200.0,200,0,-0.5384380221366882,-0.2462303787469864
-200.0,200,0,-0.5638959407806396,-0.439959317445755
-200.0,200,0,-0.44688570499420166,-0.44688570499420166
-200.0,200,0,-0.510805070400238,-0.4602416157722473
-200.0,200,0,-0.6952406167984009,-0.39227473735809326
-200.0,200,0,-0.6310958862304688,-0.47812774777412415
-200.0,200,0,-0.6099461317062378,-0.3815942406654358
-200.0,200,0,-0.51783287525177,-0.29272958636283875
-200.0,200,0,-0.4461865723133087,-0.44270971417427063
-200.0,200,0,-0.5746673941612244,-0.4105704426765442
-200.0,200,0,-0.4560748040676117,-0.40703362226486206
-200.0,200,0,-0.5957897901535034,-0.4556228816509247
-200.0,200,0,-0.5534498691558838,-0.46602481603622437
-200.0,200,0,-0.5955206751823425,-0.4572495222091675
-200.0,200,0,-0.6536428928375244,-0.43968403339385986
-200.0,200,0,-0.6073147654533386,-0.41580718755722046
-200.0,200,0,-0.5749156475067139,-0.4293915331363678
-200.0,200,0,-0.4530886709690094,-0.3339422345161438
-200.0,200,0,-0.5133783221244812,-0.4316137731075287
-200.0,200,0,-0.44661012291908264,-0.4304507374763489
-200.0,200,0,-0.5799866318702698,-0.3559841513633728
-200.0,200,0,-0.608429491519928,-0.4603024423122406
-200.0,200,0,-0.6000166535377502,-0.3603956401348114
-200.0,200,0,-0.48085618019104004,-0.48085618019104004
-200.0,200,0,-0.5018404126167297,-0.443361759185791
-200.0,200,0,-0.6373029351234436,-0.41387036442756653
-200.0,200,0,-0.5119909048080444,-0.43495461344718933
-200.0,200,0,-0.4545830190181732,-0.3653315305709839
-200.0,200,0,-0.39233386516571045,-0.36882758140563965
-200.0,200,0,-0.4646623432636261,-0.4598187804222107
-200.0,200,0,-0.5130516886711121,-0.47939005494117737
-200.0,200,0,-0.47130414843559265,-0.46330949664115906
-200.0,200,0,-0.4945222735404968,-0.48578739166259766
-200.0,200,0,-0.5160043835639954,-0.4022793471813202
-200.0,200,0,-0.5607365369796753,-0.3647539019584656
-200.0,200,0,-0.601983904838562,-0.3845674395561218
-200.0,200,0,-0.5170134902000427,-0.4096162021160126
-200.0,200,0,-0.5259804725646973,-0.4601644277572632
-200.0,200,0,-0.45762911438941956,-0.43540576100349426
-200.0,200,0,-0.531450629234314,-0.4950879216194153
-200.0,200,0,-0.3846862018108368,-0.37812182307243347
-200.0,200,0,-0.538642168045044,-0.4596187174320221
-200.0,200,0,-0.4723610579967499,-0.4493689239025116
-200.0,200,0,-0.5444900393486023,-0.33422377705574036
-200.0,200,0,-0.41676855087280273,-0.3903270959854126
-200.0,200,0,-0.4014299213886261,-0.3689050078392029
-200.0,200,0,-0.5824351906776428,-0.39669269323349
-200.0,200,0,-0.4485069215297699,-0.4485069215297699
-200.0,200,0,-0.48627644777297974,-0.382551372051239
-200.0,200,0,-0.5232064723968506,-0.45250824093818665
-200.0,200,0,-0.5059471130371094,-0.45937615633010864
-200.0,200,0,-0.5258870720863342,-0.42641112208366394
-200.0,200,0,-0.5476473569869995,-0.38201722502708435
-200.0,200,0,-0.5125858783721924,-0.4546011686325073
-200.0,200,0,-0.6531251668930054,-0.43533310294151306
-200.0,200,0,-0.41836780309677124,-0.41836780309677124
-200.0,200,0,-0.45052650570869446,-0.44123736023902893
-200.0,200,0,-0.5598932504653931,-0.4334450364112854
-200.0,200,0,-0.3824106752872467,-0.3352360427379608
-200.0,200,0,-0.6615018248558044,-0.4133836627006531
-200.0,200,0,-0.5667310953140259,-0.32375600934028625
-200.0,200,0,-0.5737454295158386,-0.4567311406135559
-200.0,200,0,-0.8207685947418213,-0.2542707920074463
-200.0,200,0,-0.6197556853294373,-0.3666287362575531
-200.0,200,0,-0.3377181887626648,-0.2967510223388672
-200.0,200,0,-0.3943898677825928,-0.3943898677825928
-200.0,200,0,-0.5586132407188416,-0.3326410949230194
-200.0,200,0,-0.47541922330856323,-0.4082621932029724
-200.0,200,0,-0.5625763535499573,-0.369410902261734
-200.0,200,0,-0.5330132246017456,-0.4541037082672119
-200.0,200,0,-0.5729092955589294,-0.4020371437072754
-200.0,200,0,-0.42486050724983215,-0.40183115005493164
-200.0,200,0,-0.5151293873786926,-0.46060389280319214
-200.0,200,0,-0.5492342710494995,-0.39979785680770874
-200.0,200,0,-0.4040408134460449,-0.34545567631721497
-200.0,200,0,-0.4736744165420532,-0.4145394265651703
-200.0,200,0,-0.747708261013031,-0.2529034912586212
-200.0,200,0,-0.4724128842353821,-0.42509907484054565
-200.0,200,0,-0.5625003576278687,-0.38807058334350586
-200.0,200,0,-0.6661949753761292,-0.4155067503452301
-200.0,200,0,-0.5744564533233643,-0.36163419485092163
-200.0,200,0,-0.5498607754707336,-0.45226019620895386
-200.0,200,0,-0.48096808791160583,-0.41390252113342285
-200.0,200,0,-0.433729887008667,-0.42263439297676086
-200.0,200,0,-0.5454718470573425,-0.4304918944835663
-200.0,200,0,-0.723842442035675,-0.34511682391166687
-200.0,200,0,-0.6030580401420593,-0.4099768400192261
-200.0,200,0,-0.834490954875946,-0.17345990240573883
-200.0,200,0,-0.6825536489486694,-0.31789326667785645
-200.0,200,0,-0.6137163043022156,-0.3814878761768341
-200.0,200,0,-0.6258816123008728,-0.4090750217437744
-200.0,200,0,-0.614315390586853,-0.3736129701137543
-200.0,200,0,-0.4850308895111084,-0.4004634618759155
-200.0,200,0,-0.3670603930950165,-0.3617163300514221
-200.0,200,0,-0.5325548052787781,-0.3913364112377167
-200.0,200,0,-0.5776230096817017,-0.41267329454421997
-200.0,200,0,-0.5867823362350464,-0.38195696473121643
-200.0,200,0,-0.6790082454681396,-0.3827867805957794
-200.0,200,0,-0.5502432584762573,-0.43000271916389465
-200.0,200,0,-0.34857574105262756,-0.34857574105262756
-200.0,200,0,-0.3679957985877991,-0.33945226669311523
-200.0,200,0,-0.5996115803718567,-0.3545912802219391
-200.0,200,0,-0.5479078888893127,-0.48412203788757324
-200.0,200,0,-0.5728430151939392,-0.43762946128845215
-200.0,200,0,-0.4504298269748688,-0.33291095495224
-200.0,200,0,-0.47570857405662537,-0.36790281534194946
-200.0,200,0,-0.5806449055671692,-0.3893635869026184
-200.0,200,0,-0.28644296526908875,-0.24500340223312378
-200.0,200,0,-0.45199695229530334,-0.4015122950077057
-200.0,200,0,-0.4658806324005127,-0.3741651177406311
-200.0,200,0,-0.4735112488269806,-0.4735112488269806
-200.0,200,0,-0.7438147664070129,-0.404308557510376
-200.0,200,0,-0.5156516432762146,-0.4914833903312683
-200.0,200,0,-0.5846852660179138,-0.40059417486190796
-200.0,200,0,-0.4501388669013977,-0.38491392135620117
-200.0,200,0,-0.7736084461212158,-0.3105526566505432
-200.0,200,0,-0.37899765372276306,-0.3703264892101288
-200.0,200,0,-0.4209553599357605,-0.2999787926673889
-200.0,200,0,-0.4479270577430725,-0.4149288833141327
-200.0,200,0,-0.524334192276001,-0.44586968421936035
-200.0,200,0,-0.6842869520187378,-0.34797850251197815
-200.0,200,0,-0.7197782397270203,-0.30296194553375244
-200.0,200,0,-0.6181990504264832,-0.38249287009239197
-200.0,200,0,-0.5684541463851929,-0.4802912473678589
-200.0,200,0,-0.4699132740497589,-0.43935391306877136
-200.0,200,0,-0.4341442286968231,-0.3594406247138977
-200.0,200,0,-0.4679733216762543,-0.4161109924316406
-200.0,200,0,-0.4809533953666687,-0.39581266045570374
-200.0,200,0,-0.6933597326278687,-0.37119415402412415
-200.0,200,0,-0.40897074341773987,-0.40050292015075684
-200.0,200,0,-0.5476585030555725,-0.38581201434135437
-200.0,200,0,-0.537015438079834,-0.40355005860328674
-200.0,200,0,-0.5048779845237732,-0.46548840403556824
-200.0,200,0,-0.41926145553588867,-0.4177670180797577
-200.0,200,0,-0.43249228596687317,-0.4295685291290283
-200.0,200,0,-0.504095196723938,-0.46937400102615356
-200.0,200,0,-0.44825899600982666,-0.4235498905181885
-200.0,200,0,-0.6055680513381958,-0.4364270269870758
-200.0,200,0,-0.7094535231590271,-0.2673463821411133
-200.0,200,0,-0.4924347996711731,-0.45464301109313965
-200.0,200,0,-0.39585569500923157,-0.39585569500923157
-200.0,200,0,-0.6243234872817993,-0.4549959897994995
-200.0,200,0,-0.6057229042053223,-0.3168076276779175
-200.0,200,0,-0.43484511971473694,-0.4342171847820282
-200.0,200,0,-0.6659011840820312,-0.3704715073108673
-200.0,200,0,-0.5021442770957947,-0.4492514133453369
-200.0,200,0,-0.46883130073547363,-0.2805097699165344
-200.0,200,0,-0.706045925617218,-0.28341421484947205
-200.0,200,0,-0.5358095169067383,-0.24156300723552704
-200.0,200,0,-0.5429312586784363,-0.43973156809806824
-200.0,200,0,-0.5280086994171143,-0.42313313484191895
-200.0,200,0,-0.38000449538230896,-0.38000449538230896
-200.0,200,0,-0.5666671395301819,-0.30586040019989014
-200.0,200,0,-0.5329879522323608,-0.41687846183776855
-200.0,200,0,-0.6570611000061035,-0.3410446345806122
-200.0,200,0,-0.5165776014328003,-0.39427316188812256
-200.0,200,0,-0.4043348729610443,-0.37086284160614014
-200.0,200,0,-0.4389544427394867,-0.37585756182670593
-200.0,200,0,-0.5799155235290527,-0.44446322321891785
-200.0,200,0,-0.5338684320449829,-0.40154239535331726
-200.0,200,0,-0.5829453468322754,-0.40368232131004333
-200.0,200,0,-0.5170343518257141,-0.31054458022117615
-200.0,200,0,-0.4710758924484253,-0.4285997450351715
-200.0,200,0,-0.4295088052749634,-0.3112431764602661
-200.0,200,0,-0.5153629183769226,-0.38343966007232666
-200.0,200,0,-0.4248182475566864,-0.4067719876766205
-200.0,200,0,-0.5572400093078613,-0.38853493332862854
-200.0,200,0,-0.5511307716369629,-0.40191030502319336
-200.0,200,0,-0.3106357455253601,-0.3067856729030609
-200.0,200,0,-0.5977084040641785,-0.36151838302612305
-200.0,200,0,-0.4230087399482727,-0.40626320242881775
-200.0,200,0,-0.4534964859485626,-0.31177520751953125
-200.0,200,0,-0.3033114969730377,-0.3029283881187439
-200.0,200,0,-0.5401329398155212,-0.34611234068870544
-200.0,200,0,-0.6114978194236755,-0.47270941734313965
-200.0,200,0,-0.41319143772125244,-0.3589836657047272
-200.0,200,0,-0.5053690075874329,-0.40465497970581055
-200.0,200,0,-0.3706490695476532,-0.37039539217948914
-200.0,200,0,-0.720747172832489,-0.2774277329444885
-200.0,200,0,-0.6116705536842346,-0.34355130791664124
-200.0,200,0,-0.5947676301002502,-0.39073142409324646
-200.0,200,0,-0.7073595523834229,-0.29618141055107117
-200.0,200,0,-0.6072248816490173,-0.27206507325172424
-200.0,200,0,-0.6204482316970825,-0.3649958670139313
-200.0,200,0,-0.585502028465271,-0.46364736557006836
-200.0,200,0,-0.439300537109375,-0.35142746567726135
-200.0,200,0,-0.5251592993736267,-0.35651856660842896
-200.0,200,0,-0.46992284059524536,-0.32120001316070557
-200.0,200,0,-0.5834901332855225,-0.39419636130332947
-200.0,200,0,-0.48115283250808716,-0.3365285396575928
-200.0,200,0,-0.6231240034103394,-0.31510233879089355
-200.0,200,0,-0.3999287486076355,-0.3999287486076355
-200.0,200,0,-0.6039226651191711,-0.40113288164138794
-200.0,200,0,-0.46830910444259644,-0.4162581264972687
-200.0,200,0,-0.4561198651790619,-0.4561198651790619
-200.0,200,0,-0.36376670002937317,-0.30237263441085815
-200.0,200,0,-0.2902856469154358,-0.2339409589767456
-200.0,200,0,-0.582315981388092,-0.2589585483074188
-200.0,200,0,-0.49136883020401,-0.4264063239097595
-200.0,200,0,-0.7869051098823547,-0.3419332802295685
-200.0,200,0,-0.5732680559158325,-0.3876783549785614
-200.0,200,0,-0.4855366051197052,-0.4776880741119385
-200.0,200,0,-0.5882806181907654,-0.4144735634326935
-200.0,200,0,-0.5596582889556885,-0.4520980715751648
-200.0,200,0,-0.38942644000053406,-0.3783777952194214
-200.0,200,0,-0.6562405824661255,-0.3858226537704468
-200.0,200,0,-0.509896993637085,-0.36737561225891113
-200.0,200,0,-0.3981584906578064,-0.3692508339881897
-200.0,200,0,-0.552108883857727,-0.4636523723602295
-200.0,200,0,-0.47956693172454834,-0.38243064284324646
-200.0,200,0,-0.4319201707839966,-0.2898530066013336
-200.0,200,0,-0.6246275901794434,-0.43333613872528076
-200.0,200,0,-0.7313754558563232,-0.3236635625362396
-200.0,200,0,-0.43699270486831665,-0.40378063917160034
-200.0,200,0,-0.49231451749801636,-0.36995989084243774
-200.0,200,0,-0.48907408118247986,-0.30939868092536926
-200.0,200,0,-0.5383220911026001,-0.42527806758880615
-200.0,200,0,-0.4998060166835785,-0.4692052900791168
-200.0,200,0,-0.5127720236778259,-0.3362787961959839
-200.0,200,0,-0.7220245003700256,-0.30711957812309265
-200.0,200,0,-0.6409965753555298,-0.36285462975502014
-200.0,200,0,-0.48311468958854675,-0.4653376340866089
-200.0,200,0,-0.5829463601112366,-0.4238611161708832
-200.0,200,0,-0.4123098850250244,-0.4088934659957886
-200.0,200,0,-0.511246919631958,-0.3458370566368103
-200.0,200,0,-0.44169142842292786,-0.4036097228527069
-200.0,200,0,-0.5372835993766785,-0.33887195587158203
-200.0,200,0,-0.5053478479385376,-0.3668595254421234
-200.0,200,0,-0.6687836647033691,-0.307476669549942
-200.0,200,0,-0.5048507452011108,-0.3895975351333618
-200.0,200,0,-0.622058093547821,-0.4106670320034027
-200.0,200,0,-0.44462713599205017,-0.44462713599205017
-200.0,200,0,-0.4762081205844879,-0.4080333709716797
-200.0,200,0,-0.7226985692977905,-0.3098093867301941
-200.0,200,0,-0.5569129586219788,-0.30873873829841614
-200.0,200,0,-0.576382040977478,-0.3718627989292145
-200.0,200,0,-0.4975980222225189,-0.3637595474720001
-200.0,200,0,-0.4677978754043579,-0.36754363775253296
-200.0,200,0,-0.6145284175872803,-0.435035765171051
-200.0,200,0,-0.7349982261657715,-0.24702847003936768
-200.0,200,0,-0.28768444061279297,-0.28768444061279297
-200.0,200,0,-0.39448413252830505,-0.3491683006286621
-200.0,200,0,-0.6009568572044373,-0.42754775285720825
-200.0,200,0,-0.5897113084793091,-0.4436764121055603
-200.0,200,0,-0.7993114590644836,-0.30445730686187744
-200.0,200,0,-0.5602167844772339,-0.4505750238895416
-200.0,200,0,-0.5520955324172974,-0.40959376096725464
-200.0,200,0,-0.5719054937362671,-0.4298904538154602
-200.0,200,0,-0.48711466789245605,-0.41492897272109985
-200.0,200,0,-0.5606765747070312,-0.4656359851360321
-200.0,200,0,-0.483005166053772,-0.3251612186431885
-200.0,200,0,-0.542468786239624,-0.21584902703762054
-200.0,200,0,-0.5557432770729065,-0.4147317707538605
-200.0,200,0,-0.6233473420143127,-0.3450949788093567
-200.0,200,0,-0.434809148311615,-0.4339692294597626
-200.0,200,0,-0.5780339241027832,-0.4499974846839905
-200.0,200,0,-0.4773370027542114,-0.4773370027542114
-200.0,200,0,-0.5239288210868835,-0.4196632206439972
-200.0,200,0,-0.5360010266304016,-0.3258509337902069
-200.0,200,0,-0.4084765315055847,-0.4084765315055847
-200.0,200,0,-0.47960928082466125,-0.36874526739120483
-200.0,200,0,-0.3498353958129883,-0.3005351424217224
-200.0,200,0,-0.4066533148288727,-0.39363715052604675
-200.0,200,0,-0.5238302946090698,-0.45467454195022583
-200.0,200,0,-0.581347644329071,-0.3946981728076935
-200.0,200,0,-0.5199715495109558,-0.39274081587791443
-200.0,200,0,-0.5412946343421936,-0.40905654430389404
-200.0,200,0,-0.6130611896514893,-0.38964346051216125
-200.0,200,0,-0.591080367565155,-0.3961564302444458
-200.0,200,0,-0.34278973937034607,-0.3317824900150299
-200.0,200,0,-0.5232890844345093,-0.3572811484336853
-200.0,200,0,-0.5992906093597412,-0.3608146905899048
-200.0,200,0,-0.696154773235321,-0.298386812210083
-200.0,200,0,-0.5714411735534668,-0.35657116770744324
-200.0,200,0,-0.6886513829231262,-0.3334546387195587
-200.0,200,0,-0.50209641456604,-0.469039648771286
-200.0,200,0,-0.6990264058113098,-0.3670571744441986
-200.0,200,0,-0.39959484338760376,-0.3738844394683838
-200.0,200,0,-0.541869044303894,-0.3957463204860687
-200.0,200,0,-0.4920581579208374,-0.48826560378074646
-200.0,200,0,-0.6104728579521179,-0.44641971588134766
-200.0,200,0,-0.701428234577179,-0.4061644375324249
-200.0,200,0,-0.4858705401420593,-0.4084959328174591
-200.0,200,0,-0.46497684717178345,-0.2439657747745514
-200.0,200,0,-0.5891641974449158,-0.44497066736221313
-200.0,200,0,-0.575857400894165,-0.4157850444316864
-200.0,200,0,-0.6096435189247131,-0.39475739002227783
-200.0,200,0,-0.607062578201294,-0.47002846002578735
-200.0,200,0,-0.6490623950958252,-0.32150930166244507
-200.0,200,0,-0.5770618915557861,-0.4452584981918335
-200.0,200,0,-0.6080357432365417,-0.45808959007263184
-200.0,200,0,-0.551385760307312,-0.42749807238578796
-200.0,200,0,-0.716944694519043,-0.33244168758392334
-200.0,200,0,-0.5506479740142822,-0.429241806268692
-200.0,200,0,-0.5037328600883484,-0.47818809747695923
-200.0,200,0,-0.4602505564689636,-0.44249147176742554
-200.0,200,0,-0.5016492009162903,-0.4255744218826294
-200.0,200,0,-0.6831237077713013,-0.3852393627166748
-200.0,200,0,-0.38759854435920715,-0.36489835381507874
-200.0,200,0,-0.8093575835227966,-0.2620507776737213
-200.0,200,0,-0.4740942418575287,-0.4354326128959656
-200.0,200,0,-0.4441916346549988,-0.4441916346549988
-200.0,200,0,-0.5982950329780579,-0.4337756931781769
-200.0,200,0,-0.5410700440406799,-0.41543006896972656
-200.0,200,0,-0.6620861887931824,-0.2679404020309448
-200.0,200,0,-0.3767082691192627,-0.3664652109146118
-200.0,200,0,-0.5480065941810608,-0.3650776445865631
-200.0,200,0,-0.4379417896270752,-0.38036030530929565
-200.0,200,0,-0.4941084384918213,-0.38573363423347473
-200.0,200,0,-0.5860400199890137,-0.3581739068031311
-200.0,200,0,-0.586016833782196,-0.3208444118499756
-200.0,200,0,-0.5683770179748535,-0.4526107609272003
-200.0,200,0,-0.5546078085899353,-0.4203640818595886
-200.0,200,0,-0.5126767158508301,-0.4474230408668518
-200.0,200,0,-0.5001265406608582,-0.43249964714050293
-200.0,200,0,-0.5163754820823669,-0.40882188081741333
-200.0,200,0,-0.39975395798683167,-0.37657028436660767
-200.0,200,0,-0.5000779032707214,-0.40061813592910767
-200.0,200,0,-0.528763473033905,-0.38324877619743347
-200.0,200,0,-0.5320850014686584,-0.30884361267089844
-200.0,200,0,-0.3680168092250824,-0.35972192883491516
-200.0,200,0,-0.512476921081543,-0.4706283211708069
-200.0,200,0,-0.7097094655036926,-0.29848572611808777
-200.0,200,0,-0.4872482717037201,-0.44593536853790283
-200.0,200,0,-0.5721362829208374,-0.41824403405189514
-200.0,200,0,-0.484321266412735,-0.45689791440963745
-200.0,200,0,-0.41687679290771484,-0.38103756308555603
-200.0,200,0,-0.466158390045166,-0.3482688367366791
-200.0,200,0,-0.5104500651359558,-0.4752759635448456
-200.0,200,0,-0.4877808392047882,-0.45814409852027893
-200.0,200,0,-0.5457727909088135,-0.405102014541626
-200.0,200,0,-0.5570252537727356,-0.3585681915283203
-200.0,200,0,-0.3432754874229431,-0.3432754874229431
-200.0,200,0,-0.5700618624687195,-0.3804580867290497
-200.0,200,0,-0.5169035792350769,-0.386565625667572
-200.0,200,0,-0.5324854254722595,-0.43700912594795227
-200.0,200,0,-0.6067249774932861,-0.309108167886734
-200.0,200,0,-0.5632479786872864,-0.38733014464378357
-200.0,200,0,-0.6533646583557129,-0.3827156722545624
-200.0,200,0,-0.5181090831756592,-0.44681409001350403
-200.0,200,0,-0.6179494857788086,-0.35747814178466797
-200.0,200,0,-0.5966546535491943,-0.46347737312316895
-200.0,200,0,-0.48421531915664673,-0.43331199884414673
-200.0,200,0,-0.587272584438324,-0.3506975471973419
-200.0,200,0,-0.3613605201244354,-0.3613605201244354
-200.0,200,0,-0.632499098777771,-0.3961367607116699
-200.0,200,0,-0.4073781967163086,-0.376442015171051
-200.0,200,0,-0.5828492045402527,-0.3922257125377655
-200.0,200,0,-0.4620741009712219,-0.3191404938697815
-200.0,200,0,-0.35187649726867676,-0.19023533165454865
-200.0,200,0,-0.4963374435901642,-0.4613180160522461
-200.0,200,0,-0.515639066696167,-0.4419826567173004
-200.0,200,0,-0.49735328555107117,-0.427924782037735
-200.0,200,0,-0.49029049277305603,-0.4370986223220825
-200.0,200,0,-0.6741642355918884,-0.3970393240451813
-200.0,200,0,-0.6181129217147827,-0.40932559967041016
-200.0,200,0,-0.4933875501155853,-0.40029117465019226
-200.0,200,0,-0.4865826964378357,-0.41518473625183105
-200.0,200,0,-0.4341266453266144,-0.3616396188735962
-200.0,200,0,-0.6268624067306519,-0.3033250570297241
-200.0,200,0,-0.5943490266799927,-0.43403360247612
-200.0,200,0,-0.533368706703186,-0.33577632904052734
-200.0,200,0,-0.4732246696949005,-0.454495370388031
-200.0,200,0,-0.489484965801239,-0.448724627494812
-200.0,200,0,-0.48947829008102417,-0.45054781436920166
-200.0,200,0,-0.43386226892471313,-0.39619120955467224
-200.0,200,0,-0.5288854837417603,-0.3551503121852875
-200.0,200,0,-0.4197154939174652,-0.308418869972229
-200.0,200,0,-0.5338230133056641,-0.39080101251602173
