reward,episode_length,success,cliff_fall
-893.0,200,0,1
-1685.0,200,0,1
-2279.0,200,0,1
-2774.0,200,0,1
-1784.0,200,0,1
-893.0,200,0,1
-3170.0,200,0,1
-2675.0,200,0,1
-2081.0,200,0,1
-2576.0,200,0,1
-2279.0,200,0,1
-2774.0,200,0,1
-2972.0,200,0,1
-2675.0,200,0,1
-797.0,104,1,1
-1883.0,200,0,1
-2972.0,200,0,1
-2180.0,200,0,1
-3269.0,200,0,1
-2774.0,200,0,1
-2675.0,200,0,1
-3170.0,200,0,1
-2477.0,200,0,1
-2378.0,200,0,1
-3269.0,200,0,1
-1586.0,200,0,1
-3467.0,200,0,1
-1982.0,200,0,1
-166.0,67,1,1
-2081.0,200,0,1
-3863.0,200,0,1
-1487.0,200,0,1
-1091.0,200,0,1
-2576.0,200,0,1
-2279.0,200,0,1
-992.0,200,0,1
-1883.0,200,0,1
-2972.0,200,0,1
-1091.0,200,0,1
-1982.0,200,0,1
-3962.0,200,0,1
-2279.0,200,0,1
-2180.0,200,0,1
-1388.0,200,0,1
-1487.0,200,0,1
-4556.0,200,0,1
-3071.0,200,0,1
-1685.0,200,0,1
-1289.0,200,0,1
-695.0,200,0,1
-2378.0,200,0,1
-1487.0,200,0,1
-1685.0,200,0,1
-2279.0,200,0,1
-2081.0,200,0,1
-3368.0,200,0,1
-1982.0,200,0,1
-2180.0,200,0,1
-2180.0,200,0,1
-2576.0,200,0,1
-2180.0,200,0,1
-2477.0,200,0,1
-3962.0,200,0,1
-1784.0,200,0,1
-2180.0,200,0,1
-1883.0,200,0,1
-2675.0,200,0,1
-2576.0,200,0,1
-1289.0,200,0,1
-1685.0,200,0,1
-1883.0,200,0,1
-2675.0,200,0,1
-3368.0,200,0,1
-1982.0,200,0,1
-794.0,200,0,1
-2180.0,200,0,1
-2180.0,200,0,1
-2180.0,200,0,1
-1190.0,200,0,1
-2873.0,200,0,1
-1586.0,200,0,1
-1982.0,200,0,1
-2576.0,200,0,1
-1982.0,200,0,1
-2477.0,200,0,1
-2081.0,200,0,1
-1982.0,200,0,1
-1883.0,200,0,1
-1388.0,200,0,1
-1487.0,200,0,1
-3566.0,200,0,1
-2675.0,200,0,1
-1190.0,200,0,1
-2576.0,200,0,1
-2279.0,200,0,1
-3170.0,200,0,1
-2675.0,200,0,1
-1190.0,200,0,1
-1982.0,200,0,1
-2081.0,200,0,1
-2279.0,200,0,1
-1883.0,200,0,1
-2477.0,200,0,1
-268.0,70,1,1
-2576.0,200,0,1
-2675.0,200,0,1
-1586.0,200,0,1
-3368.0,200,0,1
-1586.0,200,0,1
-1289.0,200,0,1
-3071.0,200,0,1
-2081.0,200,0,1
-1883.0,200,0,1
-2378.0,200,0,1
-3071.0,200,0,1
-3368.0,200,0,1
-2180.0,200,0,1
-2279.0,200,0,1
-2576.0,200,0,1
-1883.0,200,0,1
-1685.0,200,0,1
-1685.0,200,0,1
-2873.0,200,0,1
-1487.0,200,0,1
-2972.0,200,0,1
-2873.0,200,0,1
-2180.0,200,0,1
-3269.0,200,0,1
-1685.0,200,0,1
-1586.0,200,0,1
-1982.0,200,0,1
-1586.0,200,0,1
-2378.0,200,0,1
-3269.0,200,0,1
-2774.0,200,0,1
-2378.0,200,0,1
-2477.0,200,0,1
-1388.0,200,0,1
-1982.0,200,0,1
-2081.0,200,0,1
-1487.0,200,0,1
-1388.0,200,0,1
-1982.0,200,0,1
-1388.0,200,0,1
-3071.0,200,0,1
-2378.0,200,0,1
-1388.0,200,0,1
-2675.0,200,0,1
-1784.0,200,0,1
-2675.0,200,0,1
-2081.0,200,0,1
-2477.0,200,0,1
-2576.0,200,0,1
-2576.0,200,0,1
-2279.0,200,0,1
-2972.0,200,0,1
-1982.0,200,0,1
-893.0,200,0,1
-3170.0,200,0,1
-1190.0,200,0,1
-1289.0,200,0,1
-1784.0,200,0,1
-2675.0,200,0,1
-2576.0,200,0,1
-2576.0,200,0,1
-1784.0,200,0,1
-2279.0,200,0,1
-1784.0,200,0,1
-1784.0,200,0,1
-2477.0,200,0,1
-1586.0,200,0,1
-2576.0,200,0,1
-1685.0,200,0,1
-2774.0,200,0,1
-1784.0,200,0,1
-1685.0,200,0,1
-1586.0,200,0,1
-2477.0,200,0,1
-2279.0,200,0,1
-1487.0,200,0,1
-1784.0,200,0,1
-3269.0,200,0,1
-3071.0,200,0,1
-1091.0,200,0,1
-1883.0,200,0,1
-1353.0,165,1,1
-1982.0,200,0,1
-2576.0,200,0,1
-1685.0,200,0,1
-1586.0,200,0,1
-1586.0,200,0,1
-2378.0,200,0,1
-2675.0,200,0,1
-1190.0,200,0,1
-1784.0,200,0,1
-1685.0,200,0,1
-3071.0,200,0,1
-1883.0,200,0,1
-2675.0,200,0,1
-2180.0,200,0,1
-3071.0,200,0,1
-2576.0,200,0,1
-2378.0,200,0,1
-1586.0,200,0,1
-1388.0,200,0,1
-1784.0,200,0,1
-1289.0,200,0,1
-2972.0,200,0,1
-428.0,131,1,1
-1784.0,200,0,1
-1784.0,200,0,1
-2873.0,200,0,1
-2081.0,200,0,1
-2378.0,200,0,1
-2774.0,200,0,1
-1586.0,200,0,1
-2675.0,200,0,1
-2081.0,200,0,1
-1685.0,200,0,1
-2774.0,200,0,1
-2279.0,200,0,1
-2279.0,200,0,1
-2180.0,200,0,1
-3368.0,200,0,1
-1883.0,200,0,1
-2576.0,200,0,1
-1982.0,200,0,1
-1982.0,200,0,1
-2378.0,200,1,1
-1388.0,200,0,1
-1883.0,200,0,1
-1289.0,200,0,1
-2576.0,200,0,1
-2774.0,200,0,1
-2081.0,200,0,1
-2576.0,200,0,1
-1883.0,200,0,1
-1784.0,200,0,1
-1487.0,200,0,1
-2279.0,200,0,1
-3071.0,200,0,1
-2477.0,200,0,1
-2675.0,200,0,1
-1685.0,200,0,1
-1784.0,200,0,1
-2477.0,200,0,1
-3071.0,200,0,1
-1422.0,135,1,1
-2774.0,200,0,1
-2873.0,200,0,1
-1487.0,200,0,1
-3665.0,200,0,1
-2378.0,200,0,1
-3764.0,200,0,1
-1190.0,200,0,1
-2774.0,200,0,1
-2477.0,200,0,1
-1982.0,200,0,1
-2576.0,200,0,1
-2378.0,200,0,1
-1784.0,200,0,1
-1289.0,200,0,1
-1982.0,200,0,1
-3170.0,200,0,1
-2081.0,200,0,1
-3368.0,200,0,1
-3269.0,200,0,1
-3368.0,200,0,1
-2180.0,200,0,1
-1091.0,200,0,1
-2873.0,200,0,1
-2972.0,200,0,1
-2378.0,200,0,1
-2279.0,200,0,1
-1173.0,183,1,1
-1190.0,200,0,1
-2774.0,200,0,1
-398.0,200,0,1
-2576.0,200,0,1
-2675.0,200,0,1
-1091.0,200,0,1
-1784.0,200,0,1
-2180.0,200,0,1
-1982.0,200,0,1
-1586.0,200,0,1
-2081.0,200,0,1
-1487.0,200,0,1
-1586.0,200,0,1
-2180.0,200,0,1
-1685.0,200,0,1
-1487.0,200,0,1
-3566.0,200,0,1
-1289.0,200,0,1
-2180.0,200,0,1
-2675.0,200,0,1
-1982.0,200,0,1
-2279.0,200,0,1
-1883.0,200,0,1
-2774.0,200,0,1
-3170.0,200,0,1
-2378.0,200,0,1
-1982.0,200,0,1
-2378.0,200,0,1
-2675.0,200,0,1
-3368.0,200,0,1
-1190.0,200,0,1
-2774.0,200,0,1
-1883.0,200,0,1
-2675.0,200,0,1
-2081.0,200,0,1
-1586.0,200,0,1
-1784.0,200,0,1
-1883.0,200,0,1
-2378.0,200,0,1
-2576.0,200,0,1
-1487.0,200,0,1
-2081.0,200,0,1
-1388.0,200,0,1
-3170.0,200,0,1
-1982.0,200,0,1
-1289.0,200,0,1
-1289.0,200,0,1
-2279.0,200,0,1
-3863.0,200,0,1
-1091.0,200,0,1
-3170.0,200,0,1
-3269.0,200,0,1
-2180.0,200,0,1
-2081.0,200,0,1
-2576.0,200,0,1
-3368.0,200,0,1
-1388.0,200,0,1
-2378.0,200,0,1
-2279.0,200,0,1
-1982.0,200,0,1
-3665.0,200,0,1
-1784.0,200,0,1
-2279.0,200,0,1
-2873.0,200,0,1
-1289.0,200,0,1
-2477.0,200,0,1
-2279.0,200,0,1
-2378.0,200,0,1
-1784.0,200,0,1
-1559.0,173,1,1
-3170.0,200,0,1
-2081.0,200,0,1
-1685.0,200,0,1
-1784.0,200,0,1
-2972.0,200,0,1
-1190.0,200,0,1
-1487.0,200,0,1
-1388.0,200,0,1
-1586.0,200,0,1
-1289.0,200,0,1
-3170.0,200,0,1
-1289.0,200,0,1
-1982.0,200,0,1
-2279.0,200,0,1
-1883.0,200,0,1
-2378.0,200,0,1
-1190.0,200,0,1
-2378.0,200,0,1
-1982.0,200,0,1
-2081.0,200,0,1
-1982.0,200,0,1
-992.0,200,0,1
-3071.0,200,0,1
-1685.0,200,0,1
-2378.0,200,0,1
-2378.0,200,0,1
-1091.0,200,0,1
-1883.0,200,0,1
-2081.0,200,0,1
-2378.0,200,0,1
-1487.0,200,0,1
-499.0,103,1,1
-2081.0,200,0,1
-2477.0,200,0,1
-2675.0,200,0,1
-2279.0,200,0,1
-1685.0,200,0,1
-1784.0,200,0,1
-2576.0,200,0,1
-1685.0,200,0,1
-1190.0,200,0,1
-2180.0,200,0,1
-2081.0,200,0,1
-2576.0,200,0,1
-2576.0,200,0,1
-2576.0,200,0,1
-1685.0,200,0,1
-1982.0,200,0,1
-1883.0,200,0,1
-3863.0,200,0,1
-2477.0,200,0,1
-1289.0,200,0,1
-2774.0,200,0,1
-1685.0,200,0,1
-2576.0,200,0,1
-1388.0,200,0,1
-1982.0,200,0,1
-2081.0,200,0,1
-1586.0,200,0,1
-1289.0,200,0,1
-2774.0,200,0,1
-1190.0,200,0,1
-2180.0,200,0,1
-2675.0,200,0,1
-1982.0,200,0,1
-2675.0,200,0,1
-2477.0,200,0,1
-2081.0,200,0,1
-2180.0,200,0,1
-1883.0,200,0,1
-2576.0,200,0,1
-1487.0,200,0,1
-2180.0,200,0,1
-1883.0,200,0,1
-2972.0,200,0,1
-2180.0,200,0,1
-893.0,200,0,1
-2081.0,200,0,1
-1487.0,200,0,1
-1883.0,200,0,1
-1784.0,200,0,1
-2279.0,200,0,1
-1369.0,181,1,1
-2378.0,200,0,1
-2477.0,200,0,1
-3467.0,200,0,1
-1487.0,200,0,1
-2378.0,200,0,1
-1982.0,200,0,1
-2675.0,200,0,1
-1190.0,200,0,1
-2081.0,200,0,1
-1883.0,200,0,1
-1388.0,200,0,1
-3566.0,200,0,1
-1289.0,200,0,1
-1982.0,200,0,1
-2180.0,200,0,1
-1982.0,200,0,1
-2180.0,200,0,1
-2180.0,200,0,1
-2576.0,200,0,1
-2081.0,200,0,1
-2378.0,200,0,1
-2378.0,200,0,1
-1982.0,200,0,1
-1685.0,200,0,1
-1883.0,200,0,1
-1982.0,200,0,1
-1091.0,200,0,1
-2774.0,200,0,1
-1685.0,200,0,1
-2378.0,200,0,1
-1190.0,200,0,1
-596.0,200,0,1
-2378.0,200,0,1
-2279.0,200,0,1
-1586.0,200,0,1
-893.0,200,0,1
-1091.0,200,0,1
-1289.0,200,0,1
-2972.0,200,0,1
-1685.0,200,0,1
-1883.0,200,0,1
-2081.0,200,0,1
-2675.0,200,0,1
-1586.0,200,0,1
-1289.0,200,0,1
-1982.0,200,0,1
-1685.0,200,0,1
-695.0,200,0,1
-2972.0,200,0,1
-2477.0,200,0,1
-2873.0,200,0,1
-2774.0,200,0,1
-2675.0,200,0,1
-3071.0,200,0,1
-626.0,131,1,1
-3071.0,200,0,1
-2675.0,200,0,1
-2576.0,200,0,1
-3467.0,200,0,1
-1586.0,200,0,1
-1883.0,200,0,1
-2774.0,200,0,1
-1883.0,200,0,1
-1289.0,200,0,1
-992.0,200,0,1
-1190.0,200,0,1
-1586.0,200,0,1
-992.0,200,0,1
-1388.0,200,0,1
-1883.0,200,0,1
-2378.0,200,0,1
-2081.0,200,0,1
-2378.0,200,0,1
-2873.0,200,0,1
-2477.0,200,0,1
-2180.0,200,0,1
-2378.0,200,0,1
-2378.0,200,0,1
-2279.0,200,0,1
-1784.0,200,0,1
-2675.0,200,0,1
-2576.0,200,0,1
-2576.0,200,0,1
-2477.0,200,0,1
-1784.0,200,0,1
-2477.0,200,0,1
-1388.0,200,0,1
-2675.0,200,0,1
-2477.0,200,0,1
-1883.0,200,0,1
-2576.0,200,0,1
-1883.0,200,0,1
-1685.0,200,0,1
-1388.0,200,0,1
-1982.0,200,0,1
-2477.0,200,0,1
-1982.0,200,0,1
-2873.0,200,0,1
-1784.0,200,0,1
-2378.0,200,0,1
-1091.0,200,0,1
-2279.0,200,0,1
-2972.0,200,0,1
-1883.0,200,0,1
-3269.0,200,0,1
-1883.0,200,0,1
-3467.0,200,0,1
-3071.0,200,0,1
-3863.0,200,0,1
-1586.0,200,0,1
-2180.0,200,0,1
-3071.0,200,0,1
-596.0,200,0,1
-2873.0,200,0,1
-2378.0,200,0,1
-2081.0,200,0,1
-2477.0,200,0,1
-1685.0,200,0,1
-2873.0,200,0,1
-1685.0,200,0,1
-2180.0,200,0,1
-593.0,98,1,1
-1883.0,200,0,1
-2081.0,200,0,1
-1685.0,200,0,1
-2081.0,200,0,1
-1883.0,200,0,1
-2477.0,200,0,1
-2972.0,200,0,1
-2081.0,200,0,1
-1883.0,200,0,1
-1190.0,200,0,1
-2774.0,200,0,1
-1883.0,200,0,1
-2477.0,200,0,1
-1982.0,200,0,1
-2576.0,200,0,1
-2180.0,200,0,1
-1784.0,200,0,1
-2081.0,200,0,1
-893.0,200,0,1
-3467.0,200,0,1
-1586.0,200,0,1
-2972.0,200,0,1
-2378.0,200,0,1
-2081.0,200,0,1
-3863.0,200,0,1
-3665.0,200,0,1
-1586.0,200,0,1
-2081.0,200,0,1
-1883.0,200,0,1
-2972.0,200,0,1
-2081.0,200,0,1
-2675.0,200,0,1
-2873.0,200,0,1
-4952.0,200,0,1
-1091.0,200,0,1
-1091.0,200,0,1
-1388.0,200,0,1
-2477.0,200,0,1
-1883.0,200,0,1
-2576.0,200,0,1
-1388.0,200,0,1
-1883.0,200,0,1
-2576.0,200,0,1
-992.0,200,0,1
-3467.0,200,0,1
-992.0,200,0,1
-1784.0,200,0,1
-2477.0,200,0,1
-1190.0,200,0,1
-2180.0,200,0,1
-2873.0,200,0,1
-893.0,200,0,1
-1685.0,200,0,1
-2873.0,200,0,1
-1586.0,200,0,1
-2180.0,200,0,1
-3467.0,200,0,1
-1883.0,200,0,1
-1685.0,200,0,1
-1032.0,141,1,1
-1487.0,200,0,1
-1883.0,200,0,1
-1883.0,200,0,1
-1784.0,200,0,1
-2378.0,200,0,1
-3071.0,200,0,1
-2477.0,200,0,1
-3665.0,200,0,1
-2477.0,200,0,1
-992.0,200,0,1
-2081.0,200,0,1
-1190.0,200,0,1
-2774.0,200,0,1
-1685.0,200,0,1
-1091.0,200,0,1
-992.0,200,0,1
-2576.0,200,0,1
-3368.0,200,0,1
-2081.0,200,0,1
-2576.0,200,0,1
-3269.0,200,0,1
-4061.0,200,0,1
-2279.0,200,0,1
-1784.0,200,0,1
-3665.0,200,0,1
-1883.0,200,0,1
-1586.0,200,0,1
-1982.0,200,0,1
-1487.0,200,0,1
-398.0,200,0,1
-2081.0,200,0,1
-3071.0,200,0,1
-1388.0,200,0,1
-2576.0,200,0,1
-1982.0,200,0,1
-2774.0,200,0,1
-2279.0,200,0,1
-2576.0,200,0,1
-2774.0,200,0,1
-1190.0,200,0,1
-2675.0,200,0,1
-3071.0,200,0,1
-1982.0,200,0,1
-1982.0,200,0,1
-1091.0,200,0,1
-2081.0,200,0,1
-1982.0,200,0,1
-2180.0,200,0,1
-794.0,200,0,1
-2576.0,200,0,1
-1388.0,200,0,1
-2675.0,200,0,1
-1685.0,200,0,1
-2576.0,200,0,1
-1784.0,200,0,1
-3368.0,200,0,1
-2873.0,200,0,1
-1982.0,200,0,1
-2576.0,200,0,1
-1289.0,200,0,1
-1487.0,200,0,1
-2279.0,200,0,1
-2279.0,200,0,1
-596.0,200,0,1
-2972.0,200,0,1
-2576.0,200,0,1
-1289.0,200,0,1
-2279.0,200,0,1
-2378.0,200,0,1
-1289.0,200,0,1
-2774.0,200,0,1
-3269.0,200,0,1
-2180.0,200,0,1
-2378.0,200,0,1
-2675.0,200,0,1
-2972.0,200,0,1
-4061.0,200,0,1
-2774.0,200,0,1
-1586.0,200,0,1
-202.0,103,1,1
-1784.0,200,0,1
-1388.0,200,0,1
-3566.0,200,0,1
-2576.0,200,0,1
-2576.0,200,0,1
-893.0,200,0,1
-1487.0,200,0,1
-757.0,163,1,1
-992.0,200,0,1
-1784.0,200,0,1
-1784.0,200,0,1
-2675.0,200,0,1
-2675.0,200,0,1
-1586.0,200,0,1
-1586.0,200,0,1
-1883.0,200,0,1
-1586.0,200,0,1
-1190.0,200,0,1
-1289.0,200,0,1
-794.0,101,1,1
-2081.0,200,0,1
-2972.0,200,0,1
-1487.0,200,0,1
-2180.0,200,0,1
-3170.0,200,0,1
-2576.0,200,0,1
-2477.0,200,0,1
-5150.0,200,0,1
-1685.0,200,0,1
-1487.0,200,0,1
-2873.0,200,0,1
-801.0,108,1,1
-2180.0,200,0,1
-1586.0,200,0,1
-63.0,63,1,0
-1685.0,200,0,1
-1685.0,200,0,1
-2378.0,200,0,1
-1685.0,200,0,1
-3071.0,200,0,1
-1487.0,200,0,1
-1685.0,200,0,1
-2477.0,200,0,1
-3071.0,200,0,1
-1685.0,200,0,1
-3071.0,200,0,1
-1190.0,200,0,1
-2279.0,200,0,1
-1883.0,200,0,1
-1487.0,200,0,1
-2477.0,200,0,1
-1685.0,200,0,1
-2279.0,200,0,1
-1487.0,200,0,1
-1388.0,200,0,1
-992.0,200,0,1
-1685.0,200,0,1
-1982.0,200,0,1
-1289.0,200,0,1
-1685.0,200,0,1
-1982.0,200,0,1
-1784.0,200,0,1
-2378.0,200,0,1
-2279.0,200,0,1
-992.0,200,0,1
-2774.0,200,0,1
-1982.0,200,0,1
-1289.0,200,0,1
-1883.0,200,0,1
-2576.0,200,0,1
-2378.0,200,0,1
-2081.0,200,0,1
-2378.0,200,0,1
-2180.0,200,0,1
-2180.0,200,0,1
-1388.0,200,0,1
-1685.0,200,0,1
-1586.0,200,0,1
-2675.0,200,0,1
-2477.0,200,0,1
-2576.0,200,0,1
-2477.0,200,0,1
-2378.0,200,0,1
-1388.0,200,0,1
-2081.0,200,0,1
-1190.0,200,0,1
-1883.0,200,0,1
-2576.0,200,0,1
-1436.0,149,1,1
-1883.0,200,0,1
-2081.0,200,0,1
-2180.0,200,0,1
-2378.0,200,0,1
-2378.0,200,0,1
-2180.0,200,0,1
-1784.0,200,0,1
-3368.0,200,0,1
-1883.0,200,0,1
-1784.0,200,0,1
-1982.0,200,0,1
-3764.0,200,0,1
-1272.0,183,1,1
-2576.0,200,0,1
-1982.0,200,0,1
-1487.0,200,0,1
-2180.0,200,0,1
-2873.0,200,0,1
-1883.0,200,0,1
-2675.0,200,0,1
-2180.0,200,0,1
-2576.0,200,0,1
-2378.0,200,0,1
-1982.0,200,0,1
-2180.0,200,0,1
-2180.0,200,0,1
-1685.0,200,0,1
-2576.0,200,0,1
-1190.0,200,0,1
-1685.0,200,0,1
-2675.0,200,0,1
-1586.0,200,0,1
-2972.0,200,0,1
-1883.0,200,0,1
-1388.0,200,0,1
-2279.0,200,0,1
-2180.0,200,0,1
-2774.0,200,0,1
-2675.0,200,0,1
-1784.0,200,0,1
-1487.0,200,0,1
-2081.0,200,0,1
-1982.0,200,0,1
-1289.0,200,0,1
-2279.0,200,0,1
-3170.0,200,0,1
-2180.0,200,0,1
-27.0,27,1,0
-2081.0,200,0,1
-1685.0,200,0,1
-2873.0,200,0,1
-2180.0,200,0,1
-1784.0,200,0,1
-3071.0,200,0,1
-1487.0,200,0,1
-2081.0,200,0,1
-1289.0,200,0,1
-1784.0,200,0,1
-1982.0,200,0,1
-2675.0,200,0,1
-2081.0,200,0,1
-1586.0,200,0,1
-1685.0,200,0,1
-2675.0,200,0,1
-1091.0,200,0,1
-1410.0,123,1,1
-1883.0,200,0,1
-1091.0,200,0,1
-1091.0,200,0,1
-1982.0,200,0,1
-1685.0,200,0,1
-2873.0,200,0,1
-1487.0,200,0,1
-1784.0,200,0,1
-2180.0,200,0,1
-3071.0,200,0,1
-2774.0,200,0,1
-3764.0,200,0,1
-1883.0,200,0,1
-2081.0,200,0,1
-3368.0,200,0,1
-2378.0,200,0,1
-2180.0,200,0,1
-1982.0,200,0,1
-2279.0,200,0,1
-1685.0,200,0,1
-2576.0,200,0,1
-1388.0,200,0,1
-1190.0,200,0,1
-1190.0,200,0,1
-1289.0,200,0,1
-1487.0,200,0,1
-3566.0,200,0,1
-1982.0,200,0,1
-3368.0,200,0,1
-1487.0,200,0,1
-2378.0,200,0,1
-2081.0,200,0,1
-1091.0,200,0,1
-992.0,200,0,1
-4160.0,200,0,1
-1586.0,200,0,1
-3566.0,200,0,1
-1487.0,200,0,1
-1883.0,200,0,1
-1883.0,200,0,1
-1982.0,200,0,1
-3269.0,200,0,1
-2081.0,200,0,1
-2081.0,200,0,1
-1487.0,200,0,1
-2972.0,200,0,1
-1685.0,200,0,1
-2477.0,200,0,1
-2576.0,200,0,1
-1784.0,200,0,1
-1190.0,200,0,1
-893.0,200,0,1
-1883.0,200,0,1
-2279.0,200,0,1
-2774.0,200,0,1
-1982.0,200,0,1
-2081.0,200,0,1
-2477.0,200,0,1
-3071.0,200,0,1
-2180.0,200,0,1
-1091.0,200,0,1
-2774.0,200,0,1
-1289.0,200,0,1
-1982.0,200,0,1
-1982.0,200,0,1
-695.0,200,0,1
-1982.0,200,0,1
-2972.0,200,0,1
-3269.0,200,0,1
-2477.0,200,0,1
-398.0,200,0,1
-1586.0,200,0,1
-1388.0,200,0,1
-992.0,200,0,1
-1883.0,200,0,1
-2576.0,200,0,1
-2477.0,200,0,1
-2180.0,200,0,1
-794.0,200,0,1
-2081.0,200,0,1
-1685.0,200,0,1
-3170.0,200,0,1
-2081.0,200,0,1
-2774.0,200,0,1
-1388.0,200,0,1
-3566.0,200,0,1
-3170.0,200,0,1
-2378.0,200,0,1
-2378.0,200,0,1
-2180.0,200,0,1
-2774.0,200,0,1
-2576.0,200,0,1
-2180.0,200,0,1
-1982.0,200,0,1
-794.0,200,0,1
-1982.0,200,0,1
-2378.0,200,0,1
-2081.0,200,0,1
-3071.0,200,0,1
-1586.0,200,0,1
-1982.0,200,0,1
-1289.0,200,0,1
-992.0,200,0,1
-1784.0,200,0,1
-2477.0,200,0,1
-2279.0,200,0,1
-2180.0,200,0,1
-2378.0,200,0,1
-2774.0,200,0,1
-3467.0,200,0,1
-1982.0,200,0,1
-1685.0,200,0,1
-1388.0,200,0,1
-1487.0,200,0,1
-1388.0,200,0,1
-992.0,200,0,1
-992.0,200,0,1
-1487.0,200,0,1
-2279.0,200,0,1
-1388.0,200,0,1
-2477.0,200,0,1
-1982.0,200,0,1
-1982.0,200,0,1
-2378.0,200,0,1
-1784.0,200,0,1
-2279.0,200,0,1
-1487.0,200,0,1
-2378.0,200,0,1
-1091.0,200,0,1
-2477.0,200,0,1
-2477.0,200,0,1
-1586.0,200,0,1
-1982.0,200,0,1
-1883.0,200,0,1
-2873.0,200,0,1
-2081.0,200,0,1
-1586.0,200,0,1
-1388.0,200,0,1
-1784.0,200,0,1
-2180.0,200,0,1
-1982.0,200,0,1
-1982.0,200,0,1
-2279.0,200,0,1
-1982.0,200,0,1
-2279.0,200,0,1
-1982.0,200,0,1
-1388.0,200,0,1
-1784.0,200,0,1
-3764.0,200,0,1
-2378.0,200,0,1
-2279.0,200,0,1
-2675.0,200,0,1
-3368.0,200,0,1
-2576.0,200,0,1
-2675.0,200,0,1
-1784.0,200,0,1
-444.0,147,1,1
-1883.0,200,0,1
-2477.0,200,0,1
-1388.0,200,0,1
-1883.0,200,0,1
-3170.0,200,0,1
-1982.0,200,0,1
-2081.0,200,0,1
-1586.0,200,0,1
-1883.0,200,0,1
-1388.0,200,0,1
-1784.0,200,0,1
-695.0,200,0,1
-2576.0,200,0,1
-1190.0,200,0,1
-2180.0,200,0,1
-1982.0,200,0,1
-1982.0,200,0,1
-2378.0,200,0,1
-1784.0,200,0,1
-3368.0,200,0,1
-2180.0,200,0,1
-1388.0,200,0,1
-2576.0,200,0,1
-2576.0,200,0,1
-1586.0,200,0,1
-2378.0,200,0,1
-2279.0,200,0,1
-1289.0,200,0,1
-1883.0,200,0,1
-2081.0,200,0,1
-695.0,200,0,1
-2675.0,200,0,1
-2180.0,200,0,1
-1487.0,200,0,1
-1091.0,200,0,1
-2180.0,200,0,1
-3269.0,200,0,1
-1784.0,200,0,1
-2180.0,200,0,1
-794.0,200,0,1
-695.0,200,0,1
-3962.0,200,0,1
-2873.0,200,0,1
-3269.0,200,0,1
-2378.0,200,0,1
-1982.0,200,0,1
-1586.0,200,0,1
-1883.0,200,0,1
-2576.0,200,0,1
-2378.0,200,0,1
-2675.0,200,0,1
-2180.0,200,0,1
-2081.0,200,0,1
-2180.0,200,0,1
-1685.0,200,0,1
-2576.0,200,0,1
-1586.0,200,0,1
-2279.0,200,0,1
-1784.0,200,0,1
-2180.0,200,0,1
-2477.0,200,0,1
-1091.0,200,0,1
-1586.0,200,0,1
-1685.0,200,0,1
-1883.0,200,0,1
-2279.0,200,0,1
-2675.0,200,0,1
-1388.0,200,0,1
-1982.0,200,0,1
-2873.0,200,0,1
-2180.0,200,0,1
-1982.0,200,0,1
-1487.0,200,0,1
-893.0,200,0,1
-1982.0,200,0,1
-1685.0,200,0,1
-1487.0,200,0,1
-2081.0,200,0,1
-2576.0,200,0,1
-1883.0,200,0,1
-2774.0,200,0,1
-1091.0,200,0,1
-2675.0,200,0,1
-2378.0,200,0,1
-2576.0,200,0,1
-2378.0,200,0,1
-2081.0,200,0,1
-2180.0,200,0,1
-1685.0,200,0,1
-1982.0,200,0,1
-1982.0,200,0,1
-1982.0,200,0,1
-1982.0,200,0,1
-3863.0,200,0,1
-2873.0,200,0,1
-1883.0,200,0,1
-2675.0,200,0,1
-2081.0,200,0,1
-2675.0,200,0,1
-2279.0,200,0,1
-2576.0,200,0,1
-2378.0,200,0,1
-2378.0,200,0,1
-2972.0,200,0,1
-2972.0,200,0,1
-1289.0,200,0,1
-2378.0,200,0,1
-1883.0,200,0,1
-2378.0,200,0,1
-1289.0,200,0,1
-2576.0,200,0,1
-893.0,200,0,1
-2576.0,200,0,1
-1883.0,200,0,1
-2675.0,200,0,1
-1784.0,200,0,1
-3071.0,200,0,1
-2279.0,200,0,1
-2279.0,200,0,1
-2180.0,200,0,1
-1289.0,200,0,1
-1685.0,200,0,1
-2081.0,200,0,1
-2081.0,200,0,1
-2279.0,200,0,1
-1982.0,200,0,1
-2279.0,200,0,1
-2774.0,200,0,1
-2180.0,200,0,1
-2378.0,200,0,1
-1784.0,200,0,1
-2378.0,200,0,1
-2675.0,200,0,1
-2576.0,200,0,1
-1586.0,200,0,1
-1685.0,200,0,1
-2675.0,200,0,1
-1685.0,200,0,1
-2972.0,200,0,1
-3071.0,200,0,1
-2576.0,200,0,1
-1784.0,200,0,1
-2675.0,200,0,1
-1487.0,200,0,1
-2180.0,200,0,1
-2378.0,200,0,1
-2081.0,200,0,1
-2378.0,200,0,1
-2081.0,200,0,1
-1487.0,200,0,1
-2675.0,200,0,1
-2081.0,200,0,1
-2972.0,200,0,1
-2675.0,200,0,1
-1487.0,200,0,1
-1487.0,200,0,1
-2873.0,200,0,1
-2576.0,200,0,1
-1982.0,200,0,1
-2873.0,200,0,1
-2081.0,200,0,1
-3071.0,200,0,1
-1685.0,200,0,1
-2378.0,200,0,1
-2972.0,200,0,1
-1586.0,200,0,1
-2081.0,200,0,1
-2279.0,200,0,1
-2180.0,200,0,1
-1685.0,200,0,1
-2675.0,200,0,1
-1982.0,200,0,1
-1784.0,200,0,1
-2081.0,200,0,1
-2180.0,200,0,1
-1883.0,200,0,1
-3368.0,200,0,1
-1487.0,200,0,1
-3071.0,200,0,1
-1289.0,200,0,1
-2576.0,200,0,1
-2972.0,200,0,1
-1784.0,200,0,1
-2378.0,200,0,1
-2675.0,200,0,1
-1784.0,200,0,1
-1784.0,200,0,1
-1091.0,200,0,1
-2378.0,200,0,1
-1289.0,200,0,1
-1982.0,200,0,1
-1685.0,200,0,1
-1784.0,200,0,1
-2081.0,200,0,1
-1883.0,200,0,1
-2279.0,200,0,1
-1586.0,200,0,1
-1883.0,200,0,1
-2873.0,200,0,1
-1685.0,200,0,1
-1586.0,200,0,1
-2279.0,200,0,1
-1091.0,200,0,1
-3566.0,200,0,1
-1487.0,200,0,1
-2378.0,200,0,1
-1685.0,200,0,1
-2081.0,200,0,1
-2576.0,200,0,1
-893.0,200,0,1
-3566.0,200,0,1
-2180.0,200,0,1
-1982.0,200,0,1
-1487.0,200,0,1
-3071.0,200,0,1
-893.0,200,0,1
-1586.0,200,0,1
-1982.0,200,0,1
-2180.0,200,0,1
-2081.0,200,0,1
-2081.0,200,0,1
-2081.0,200,0,1
-1685.0,200,0,1
-2477.0,200,0,1
-2279.0,200,0,1
-2180.0,200,0,1
-1685.0,200,0,1
-1982.0,200,0,1
-1388.0,200,0,1
-794.0,200,0,1
-1487.0,200,0,1
-893.0,200,0,1
-1487.0,200,0,1
-2675.0,200,0,1
-2774.0,200,0,1
-3170.0,200,0,1
-1487.0,200,0,1
-3071.0,200,0,1
-1388.0,200,0,1
-2180.0,200,0,1
-1190.0,200,0,1
-2873.0,200,0,1
-1685.0,200,0,1
-2774.0,200,0,1
-1685.0,200,0,1
-992.0,200,0,1
-2081.0,200,0,1
-1586.0,200,0,1
-113.0,113,1,0
-1982.0,200,0,1
-2675.0,200,0,1
-1388.0,200,0,1
-1685.0,200,0,1
-2774.0,200,0,1
-2774.0,200,0,1
-1883.0,200,0,1
-1289.0,200,0,1
-2873.0,200,0,1
-695.0,200,0,1
-1982.0,200,0,1
-3071.0,200,0,1
-2675.0,200,0,1
-1883.0,200,0,1
-1487.0,200,0,1
-1388.0,200,0,1
-1289.0,200,0,1
-1586.0,200,0,1
-2081.0,200,0,1
-1487.0,200,0,1
-1982.0,200,0,1
-2774.0,200,0,1
-2180.0,200,0,1
-2080.0,199,1,1
-2477.0,200,0,1
-2774.0,200,0,1
-2180.0,200,0,1
-2477.0,200,0,1
-1487.0,200,0,1
-1487.0,200,0,1
-1685.0,200,0,1
-1586.0,200,0,1
-2279.0,200,0,1
-2378.0,200,0,1
-992.0,200,0,1
-3467.0,200,0,1
-3764.0,200,0,1
-3368.0,200,0,1
-2081.0,200,0,1
-2477.0,200,0,1
-3566.0,200,0,1
-2279.0,200,0,1
-2180.0,200,0,1
-2279.0,200,0,1
-1685.0,200,0,1
-2081.0,200,0,1
-2378.0,200,0,1
-3368.0,200,0,1
-2477.0,200,0,1
-2972.0,200,0,1
-893.0,200,0,1
-1883.0,200,0,1
-1982.0,200,0,1
-1685.0,200,0,1
-2675.0,200,0,1
-3269.0,200,0,1
-2873.0,200,0,1
-695.0,200,0,1
-1190.0,200,0,1
-1388.0,200,0,1
-2477.0,200,0,1
-2378.0,200,0,1
-1586.0,200,0,1
-2081.0,200,0,1
-2081.0,200,0,1
-2180.0,200,0,1
-1883.0,200,0,1
-2477.0,200,0,1
-2873.0,200,0,1
-745.0,151,1,1
-1586.0,200,0,1
-2477.0,200,0,1
-2972.0,200,0,1
-2774.0,200,0,1
-2972.0,200,0,1
-2081.0,200,0,1
-2180.0,200,0,1
-1586.0,200,0,1
-2675.0,200,0,1
-1586.0,200,0,1
-1586.0,200,0,1
-2477.0,200,0,1
-2279.0,200,0,1
-1883.0,200,0,1
-2873.0,200,0,1
-3071.0,200,0,1
-2675.0,200,0,1
-2675.0,200,0,1
-2279.0,200,0,1
-2772.0,198,1,1
-2565.0,189,1,1
-2972.0,200,0,1
-2081.0,200,0,1
-1982.0,200,0,1
-1289.0,200,0,1
-695.0,200,0,1
-2675.0,200,0,1
-1883.0,200,0,1
-2774.0,200,0,1
-1784.0,200,0,1
-1388.0,200,0,1
-794.0,200,0,1
-2363.0,185,1,1
-1883.0,200,0,1
-1685.0,200,0,1
-1982.0,200,0,1
-2378.0,200,0,1
-1388.0,200,0,1
-2279.0,200,0,1
-2279.0,200,0,1
-3863.0,200,0,1
-1685.0,200,0,1
-2675.0,200,0,1
-1685.0,200,0,1
-1982.0,200,0,1
-2180.0,200,0,1
-2180.0,200,0,1
-1685.0,200,0,1
-1487.0,200,0,1
-2675.0,200,0,1
-2081.0,200,0,1
-3665.0,200,0,1
-2378.0,200,0,1
-2675.0,200,0,1
-1784.0,200,0,1
-2378.0,200,0,1
-1883.0,200,0,1
-2180.0,200,0,1
-1784.0,200,0,1
-2180.0,200,0,1
-2081.0,200,0,1
-2081.0,200,0,1
-2081.0,200,0,1
-2477.0,200,0,1
-1586.0,200,0,1
-2378.0,200,0,1
-2774.0,200,0,1
-1883.0,200,0,1
-1487.0,200,0,1
-1982.0,200,0,1
-1982.0,200,0,1
-1388.0,200,0,1
-2081.0,200,0,1
-3962.0,200,0,1
-2477.0,200,0,1
-2675.0,200,0,1
-1982.0,200,0,1
-2180.0,200,0,1
-1685.0,200,0,1
-2774.0,200,0,1
-1784.0,200,0,1
-1487.0,200,0,1
-2180.0,200,0,1
-1586.0,200,0,1
-2675.0,200,0,1
-3368.0,200,0,1
-1784.0,200,0,1
-1190.0,200,0,1
-992.0,200,0,1
-1091.0,200,0,1
-1388.0,200,0,1
-1685.0,200,0,1
-2378.0,200,0,1
-2774.0,200,0,1
-1190.0,200,0,1
-2180.0,200,0,1
-1388.0,200,0,1
-1586.0,200,0,1
-2477.0,200,0,1
-2675.0,200,0,1
-804.0,111,1,1
-3368.0,200,0,1
-2378.0,200,0,1
-2675.0,200,0,1
-1883.0,200,0,1
-1685.0,200,0,1
-3863.0,200,0,1
-3566.0,200,0,1
-2180.0,200,0,1
-2279.0,200,0,1
-2675.0,200,0,1
-1685.0,200,0,1
-2477.0,200,0,1
-493.0,97,1,1
-1685.0,200,0,1
-1982.0,200,0,1
-3467.0,200,0,1
-3170.0,200,0,1
-1685.0,200,0,1
-2180.0,200,0,1
-2279.0,200,0,1
-3467.0,200,0,1
-1190.0,200,0,1
-2576.0,200,0,1
-2378.0,200,0,1
-2873.0,200,0,1
-1685.0,200,0,1
-2081.0,200,0,1
-1982.0,200,0,1
-1784.0,200,0,1
-1883.0,200,0,1
-2576.0,200,0,1
-1388.0,200,0,1
-2180.0,200,0,1
-1982.0,200,0,1
-2180.0,200,0,1
-1091.0,200,0,1
-3269.0,200,0,1
-1289.0,200,0,1
-1685.0,200,0,1
-1190.0,200,0,1
-2873.0,200,0,1
-2378.0,200,0,1
-2774.0,200,0,1
-2081.0,200,0,1
-1487.0,200,0,1
-2378.0,200,0,1
-2477.0,200,0,1
-1289.0,200,0,1
-2180.0,200,0,1
-1685.0,200,0,1
-1091.0,200,0,1
-1982.0,200,0,1
-1289.0,200,0,1
-1487.0,200,0,1
-3566.0,200,0,1
-2675.0,200,0,1
-1784.0,200,0,1
-2378.0,200,0,1
-2576.0,200,0,1
-1289.0,200,0,1
-1982.0,200,0,1
-1982.0,200,0,1
-1982.0,200,0,1
-1685.0,200,0,1
-3269.0,200,0,1
-1784.0,200,0,1
-2081.0,200,0,1
-1388.0,200,0,1
-1586.0,200,0,1
-3467.0,200,0,1
-1982.0,200,0,1
-3863.0,200,0,1
-2378.0,200,0,1
-1982.0,200,0,1
-1982.0,200,0,1
-3071.0,200,0,1
-2279.0,200,0,1
-3170.0,200,0,1
-1586.0,200,0,1
-3863.0,200,0,1
-2279.0,200,0,1
-2576.0,200,0,1
-2180.0,200,0,1
-2279.0,200,0,1
-3863.0,200,0,1
-2378.0,200,0,1
-2279.0,200,0,1
-1883.0,200,0,1
-1684.0,199,1,1
-1982.0,200,0,1
-2081.0,200,0,1
-2576.0,200,0,1
-1388.0,200,0,1
-2774.0,200,0,1
-2279.0,200,0,1
-1487.0,200,0,1
-1487.0,200,0,1
-1685.0,200,0,1
-1784.0,200,0,1
-1685.0,200,0,1
-2378.0,200,0,1
-1487.0,200,0,1
-2081.0,200,0,1
-2180.0,200,0,1
-2675.0,200,0,1
-2378.0,200,0,1
-2873.0,200,0,1
-1685.0,200,0,1
-695.0,200,0,1
-2081.0,200,0,1
-3368.0,200,0,1
-3665.0,200,0,1
-1388.0,200,0,1
-2576.0,200,0,1
-2675.0,200,0,1
-1685.0,200,0,1
-657.0,162,1,1
-1883.0,200,0,1
-1685.0,200,0,1
-1982.0,200,0,1
-1982.0,200,0,1
-1982.0,200,0,1
-2675.0,200,0,1
-1586.0,200,0,1
-1784.0,200,0,1
-3665.0,200,0,1
-893.0,200,0,1
-2378.0,200,0,1
-1982.0,200,0,1
-2279.0,200,0,1
-1289.0,200,0,1
-1883.0,200,0,1
-3368.0,200,0,1
-1982.0,200,0,1
-2972.0,200,0,1
-2477.0,200,0,1
-2180.0,200,0,1
-2378.0,200,0,1
-1982.0,200,0,1
-1982.0,200,0,1
-1091.0,200,0,1
-3665.0,200,0,1
-1784.0,200,0,1
-2378.0,200,0,1
-2477.0,200,0,1
-2774.0,200,0,1
-1289.0,200,0,1
-2675.0,200,0,1
-1685.0,200,0,1
-2774.0,200,0,1
-2972.0,200,0,1
-1982.0,200,0,1
-1586.0,200,0,1
-1289.0,200,0,1
-1586.0,200,0,1
-794.0,200,0,1
-1982.0,200,0,1
-2774.0,200,0,1
-1388.0,200,0,1
-2180.0,200,0,1
-2279.0,200,0,1
-1784.0,200,0,1
-2378.0,200,0,1
-2378.0,200,0,1
-1685.0,200,0,1
-1784.0,200,0,1
-2477.0,200,0,1
-1091.0,200,0,1
-2081.0,200,0,1
-1388.0,200,0,1
-3071.0,200,0,1
-3071.0,200,0,1
-1487.0,200,0,1
-1586.0,200,0,1
-2279.0,200,0,1
-2675.0,200,0,1
-1982.0,200,0,1
-1091.0,200,0,1
-1883.0,200,0,1
-3566.0,200,0,1
-1586.0,200,0,1
-2675.0,200,0,1
-1685.0,200,0,1
-2081.0,200,0,1
-695.0,200,0,1
-1190.0,200,0,1
-2378.0,200,0,1
-1487.0,200,0,1
-2279.0,200,0,1
-1784.0,200,0,1
-1685.0,200,0,1
-2180.0,200,0,1
-1883.0,200,0,1
-2279.0,200,0,1
-1883.0,200,0,1
-4061.0,200,0,1
-1289.0,200,0,1
-2378.0,200,0,1
-2576.0,200,0,1
-1487.0,200,0,1
-2477.0,200,0,1
-1883.0,200,0,1
-1685.0,200,0,1
-1883.0,200,0,1
-2675.0,200,0,1
-3368.0,200,0,1
-3269.0,200,0,1
-3368.0,200,0,1
-1982.0,200,0,1
-1982.0,200,0,1
-1982.0,200,0,1
-2279.0,200,0,1
-2675.0,200,0,1
-1883.0,200,0,1
-497.0,200,0,1
-2378.0,200,0,1
-1982.0,200,0,1
-3467.0,200,0,1
-2873.0,200,0,1
-1784.0,200,0,1
-1685.0,200,0,1
-2378.0,200,0,1
-2279.0,200,0,1
-875.0,83,1,1
-2774.0,200,0,1
-83.0,83,1,0
-1190.0,200,0,1
-1784.0,200,0,1
-2081.0,200,0,1
-1982.0,200,0,1
-1388.0,200,0,1
-2378.0,200,0,1
-2873.0,200,0,1
-1685.0,200,0,1
-1784.0,200,0,1
-2279.0,200,0,1
-1091.0,200,0,1
-2081.0,200,0,1
-2774.0,200,0,1
-2081.0,200,0,1
-2774.0,200,0,1
-1289.0,200,0,1
-3269.0,200,0,1
-1289.0,200,0,1
-1388.0,200,0,1
-1784.0,200,0,1
-3071.0,200,0,1
-2774.0,200,0,1
-2180.0,200,0,1
-3566.0,200,0,1
-2576.0,200,0,1
-1685.0,200,0,1
-1586.0,200,0,1
-1388.0,200,0,1
-2774.0,200,0,1
-2576.0,200,0,1
-2081.0,200,0,1
-2774.0,200,0,1
-1487.0,200,0,1
-2279.0,200,0,1
-1586.0,200,0,1
-1487.0,200,0,1
-2180.0,200,0,1
-2774.0,200,0,1
-2279.0,200,0,1
-2873.0,200,0,1
-1190.0,200,0,1
-1784.0,200,0,1
-2972.0,200,0,1
-1685.0,200,0,1
-992.0,200,0,1
-2279.0,200,0,1
-1487.0,200,0,1
-608.0,113,1,1
-2774.0,200,0,1
-992.0,200,0,1
-2774.0,200,0,1
-1091.0,200,0,1
-1190.0,200,0,1
-1982.0,200,0,1
-2477.0,200,0,1
-3467.0,200,0,1
-2081.0,200,0,1
-2081.0,200,0,1
-893.0,200,0,1
-1784.0,200,0,1
-3170.0,200,0,1
-2873.0,200,0,1
-1685.0,200,0,1
-1586.0,200,0,1
-1091.0,200,0,1
-1883.0,200,0,1
-1190.0,200,0,1
-2477.0,200,0,1
-1982.0,200,0,1
-2378.0,200,0,1
-1685.0,200,0,1
-2576.0,200,0,1
-1586.0,200,0,1
-1487.0,200,0,1
-2576.0,200,0,1
-1586.0,200,0,1
-1586.0,200,0,1
-1685.0,200,0,1
-1487.0,200,0,1
-2378.0,200,0,1
-2972.0,200,0,1
-4160.0,200,0,1
-2081.0,200,0,1
-2675.0,200,0,1
-1586.0,200,0,1
-1883.0,200,0,1
-1784.0,200,0,1
-1784.0,200,0,1
-2972.0,200,0,1
-1487.0,200,0,1
-1784.0,200,0,1
-3071.0,200,0,1
-2081.0,200,0,1
-1586.0,200,0,1
-1685.0,200,0,1
-1982.0,200,0,1
-992.0,200,0,1
-1685.0,200,0,1
-1784.0,200,0,1
-1091.0,200,0,1
-2180.0,200,0,1
-2477.0,200,0,1
-1685.0,200,0,1
-2378.0,200,0,1
-2675.0,200,0,1
-2081.0,200,0,1
-1784.0,200,0,1
-2774.0,200,0,1
-794.0,200,0,1
-1685.0,200,0,1
-1982.0,200,0,1
-2180.0,200,0,1
-2081.0,200,0,1
-1982.0,200,0,1
-1091.0,200,0,1
-1784.0,200,0,1
-3071.0,200,0,1
-1586.0,200,0,1
-1091.0,200,0,1
-2576.0,200,0,1
-1883.0,200,0,1
-2279.0,200,0,1
-1586.0,200,0,1
-1487.0,200,0,1
-2873.0,200,0,1
-1784.0,200,0,1
-1586.0,200,0,1
-2279.0,200,0,1
-1982.0,200,0,1
-3170.0,200,0,1
-1883.0,200,0,1
-2477.0,200,0,1
-1586.0,200,0,1
-1289.0,200,0,1
-2873.0,200,0,1
-1487.0,200,0,1
-2774.0,200,0,1
-1388.0,200,0,1
-2180.0,200,0,1
-2180.0,200,0,1
-3071.0,200,0,1
-992.0,200,0,1
-1388.0,200,0,1
-2477.0,200,0,1
-2180.0,200,0,1
-2081.0,200,0,1
-2675.0,200,0,1
-2279.0,200,0,1
-2576.0,200,0,1
-992.0,200,0,1
-1045.0,154,1,1
-1982.0,200,0,1
-1982.0,200,0,1
-1190.0,200,0,1
-1685.0,200,0,1
-1784.0,200,0,1
-2873.0,200,0,1
-2477.0,200,0,1
-652.0,58,1,1
-1883.0,200,0,1
-1586.0,200,0,1
-1982.0,200,0,1
-1883.0,200,0,1
-1289.0,200,0,1
-1982.0,200,0,1
-1982.0,200,0,1
-2873.0,200,0,1
-2378.0,200,0,1
-3368.0,200,0,1
-2081.0,200,0,1
-1883.0,200,0,1
-2180.0,200,0,1
-3170.0,200,0,1
-2972.0,200,0,1
-2576.0,200,0,1
-2873.0,200,0,1
-2477.0,200,0,1
-2675.0,200,0,1
-1140.0,150,1,1
-1883.0,200,0,1
-2180.0,200,0,1
-1190.0,200,0,1
-2576.0,200,0,1
-1388.0,200,0,1
-1883.0,200,0,1
-1685.0,200,0,1
-1685.0,200,0,1
-1586.0,200,0,1
-2477.0,200,0,1
-2477.0,200,0,1
-2378.0,200,0,1
-2675.0,200,0,1
-1883.0,200,0,1
-2477.0,200,0,1
-1190.0,200,0,1
-2279.0,200,0,1
-2081.0,200,0,1
-3071.0,200,0,1
-1190.0,200,0,1
-2774.0,200,0,1
-1289.0,200,0,1
-1982.0,200,0,1
-1982.0,200,0,1
-1982.0,200,0,1
-2378.0,200,0,1
-1982.0,200,0,1
-2378.0,200,0,1
-2774.0,200,0,1
-2180.0,200,0,1
-1883.0,200,0,1
-1685.0,200,0,1
-1685.0,200,0,1
-1388.0,200,0,1
-1784.0,200,0,1
-3071.0,200,0,1
-2081.0,200,0,1
-2180.0,200,0,1
-2279.0,200,0,1
-2081.0,200,0,1
-2576.0,200,0,1
-2279.0,200,0,1
-1586.0,200,0,1
-893.0,200,0,1
-2477.0,200,0,1
-1190.0,200,0,1
-3269.0,200,0,1
-1289.0,200,0,1
-1586.0,200,0,1
-3170.0,200,0,1
-1982.0,200,0,1
-2180.0,200,0,1
-1190.0,200,0,1
-2576.0,200,0,1
-2279.0,200,0,1
-2081.0,200,0,1
-2180.0,200,0,1
-1388.0,200,0,1
-2378.0,200,0,1
-1784.0,200,0,1
-1784.0,200,0,1
-2180.0,200,0,1
-1289.0,200,0,1
-1289.0,200,0,1
-1685.0,200,0,1
-1784.0,200,0,1
-1289.0,200,0,1
-2477.0,200,0,1
-2279.0,200,0,1
-2180.0,200,0,1
-1685.0,200,0,1
-1289.0,200,0,1
-1190.0,200,0,1
-3368.0,200,0,1
-2180.0,200,0,1
-1883.0,200,0,1
-1982.0,200,0,1
-2279.0,200,0,1
-2774.0,200,0,1
-2774.0,200,0,1
-2972.0,200,0,1
-2081.0,200,0,1
-3368.0,200,0,1
-365.0,68,1,1
-2477.0,200,0,1
-2378.0,200,0,1
-1982.0,200,0,1
-2180.0,200,0,1
-1982.0,200,0,1
-1289.0,200,0,1
-1586.0,200,0,1
-1883.0,200,0,1
-1487.0,200,0,1
-3467.0,200,0,1
-2081.0,200,0,1
-2477.0,200,0,1
-2378.0,200,0,1
-2378.0,200,0,1
-1784.0,200,0,1
-3467.0,200,0,1
-2081.0,200,0,1
-2972.0,200,0,1
-1388.0,200,0,1
-1388.0,200,0,1
-3170.0,200,0,1
-2972.0,200,0,1
-2675.0,200,0,1
-1784.0,200,0,1
-2477.0,200,0,1
-2081.0,200,0,1
-1685.0,200,0,1
-1784.0,200,0,1
-2279.0,200,0,1
-2180.0,200,0,1
-1190.0,200,0,1
-1190.0,200,0,1
-2873.0,200,0,1
-963.0,72,1,1
-1091.0,200,0,1
-2675.0,200,0,1
-2477.0,200,0,1
-2378.0,200,0,1
-1784.0,200,0,1
-1784.0,200,0,1
-2081.0,200,0,1
-1784.0,200,0,1
-1487.0,200,0,1
-3170.0,200,0,1
-1091.0,200,0,1
-2081.0,200,0,1
-1883.0,200,0,1
-2477.0,200,0,1
-1388.0,200,0,1
-2675.0,200,0,1
-2774.0,200,0,1
-2180.0,200,0,1
-2279.0,200,0,1
-2378.0,200,0,1
-992.0,200,0,1
-2180.0,200,0,1
-2378.0,200,0,1
-2675.0,200,0,1
-1784.0,200,0,1
-1388.0,200,0,1
-3368.0,200,0,1
-1190.0,200,0,1
-1091.0,200,0,1
-1289.0,200,0,1
-2378.0,200,0,1
-1982.0,200,0,1
-2378.0,200,0,1
-2378.0,200,0,1
-1883.0,200,0,1
-1982.0,200,0,1
-2081.0,200,0,1
-1487.0,200,0,1
-1784.0,200,0,1
-2675.0,200,0,1
-3269.0,200,0,1
-3566.0,200,0,1
-1586.0,200,0,1
-2576.0,200,0,1
-823.0,130,1,1
-2576.0,200,0,1
-2774.0,200,0,1
-2477.0,200,0,1
-2378.0,200,0,1
-3269.0,200,0,1
-2180.0,200,0,1
-2180.0,200,0,1
-1190.0,200,0,1
-729.0,135,1,1
-1685.0,200,0,1
-1487.0,200,0,1
-2972.0,200,0,1
-1982.0,200,0,1
-2576.0,200,0,1
-2774.0,200,0,1
-2378.0,200,0,1
-1586.0,200,0,1
-2081.0,200,0,1
-1487.0,200,0,1
-992.0,200,0,1
-2180.0,200,0,1
-1487.0,200,0,1
-3071.0,200,0,1
-1586.0,200,0,1
-1883.0,200,0,1
-1883.0,200,0,1
-3170.0,200,0,1
-2180.0,200,0,1
-2576.0,200,0,1
-3566.0,200,0,1
-1091.0,200,0,1
-3467.0,200,0,1
-3170.0,200,0,1
-1784.0,200,0,1
-2378.0,200,0,1
-2279.0,200,0,1
-1091.0,200,0,1
-2576.0,200,0,1
-2378.0,200,0,1
-2774.0,200,0,1
-1784.0,200,0,1
-2180.0,200,0,1
-2774.0,200,0,1
-2180.0,200,0,1
-1487.0,200,0,1
-1190.0,200,0,1
-1982.0,200,0,1
-2675.0,200,0,1
-2279.0,200,0,1
-2675.0,200,0,1
-1190.0,200,0,1
-2477.0,200,0,1
-893.0,200,0,1
-3170.0,200,0,1
-2477.0,200,0,1
-1091.0,200,0,1
-2279.0,200,0,1
-2180.0,200,0,1
-2873.0,200,0,1
-2180.0,200,0,1
-1784.0,200,0,1
-1388.0,200,0,1
-1883.0,200,0,1
-1091.0,200,0,1
-2576.0,200,0,1
-2279.0,200,0,1
-2279.0,200,0,1
-3566.0,200,0,1
-2180.0,200,0,1
-2081.0,200,0,1
-2378.0,200,0,1
-2081.0,200,0,1
-3269.0,200,0,1
-2873.0,200,0,1
-4457.0,200,0,1
-2774.0,200,0,1
-1586.0,200,0,1
-1784.0,200,0,1
-1685.0,200,0,1
-2873.0,200,0,1
-121.0,121,1,0
-2675.0,200,0,1
-1685.0,200,0,1
-3071.0,200,0,1
-1388.0,200,0,1
-3566.0,200,0,1
-2576.0,200,0,1
-1289.0,200,0,1
-2378.0,200,0,1
-1982.0,200,0,1
-2873.0,200,0,1
-3071.0,200,0,1
-1883.0,200,0,1
-3269.0,200,0,1
-1784.0,200,0,1
-1982.0,200,0,1
-2576.0,200,0,1
-2279.0,200,0,1
-2180.0,200,0,1
-2477.0,200,0,1
-2774.0,200,0,1
-1091.0,200,0,1
-1982.0,200,0,1
-2081.0,200,0,1
-2279.0,200,0,1
-1289.0,200,0,1
-2477.0,200,0,1
-2576.0,200,0,1
-1685.0,200,0,1
-2279.0,200,0,1
-1289.0,200,0,1
-1784.0,200,0,1
-3566.0,200,0,1
-1190.0,200,0,1
-2477.0,200,0,1
-1190.0,200,0,1
-2378.0,200,0,1
-3071.0,200,0,1
-1685.0,200,0,1
-2873.0,200,0,1
-3368.0,200,0,1
-2477.0,200,0,1
-1685.0,200,0,1
-2477.0,200,0,1
-2477.0,200,0,1
-2576.0,200,0,1
-2081.0,200,0,1
-1685.0,200,0,1
-2081.0,200,0,1
-1289.0,200,0,1
-1685.0,200,0,1
-1784.0,200,0,1
-2576.0,200,0,1
-2081.0,200,0,1
-2081.0,200,0,1
-1487.0,200,0,1
-2576.0,200,0,1
-1982.0,200,0,1
-3863.0,200,0,1
-2378.0,200,0,1
-1289.0,200,0,1
-2477.0,200,0,1
-346.0,49,1,1
-2081.0,200,0,1
-2972.0,200,0,1
-2576.0,200,0,1
-1289.0,200,0,1
-2279.0,200,0,1
-1982.0,200,0,1
-1982.0,200,0,1
-2972.0,200,0,1
-1388.0,200,0,1
-2081.0,200,0,1
-2873.0,200,0,1
-1982.0,200,0,1
-2774.0,200,0,1
-3170.0,200,0,1
-1091.0,200,0,1
-3071.0,200,0,1
-2477.0,200,0,1
-2279.0,200,0,1
-1091.0,200,0,1
-3170.0,200,0,1
-1091.0,200,0,1
-893.0,200,0,1
-2873.0,200,0,1
-1982.0,200,0,1
-2576.0,200,0,1
-1784.0,200,0,1
-2081.0,200,0,1
-1982.0,200,0,1
-1190.0,200,0,1
-1487.0,200,0,1
-1487.0,200,0,1
-1883.0,200,0,1
-1883.0,200,0,1
-2972.0,200,0,1
-2279.0,200,0,1
-1883.0,200,0,1
-1982.0,200,0,1
-1883.0,200,0,1
-2180.0,200,0,1
-3071.0,200,0,1
-1388.0,200,0,1
-1388.0,200,0,1
-2279.0,200,0,1
-1388.0,200,0,1
-1586.0,200,0,1
-1487.0,200,0,1
-992.0,200,0,1
-1685.0,200,0,1
-1883.0,200,0,1
-1883.0,200,0,1
-1784.0,200,0,1
-1388.0,200,0,1
-2972.0,200,0,1
-2180.0,200,0,1
-1685.0,200,0,1
-1586.0,200,0,1
-2279.0,200,0,1
-2774.0,200,0,1
-2774.0,200,0,1
-2972.0,200,0,1
-893.0,200,0,1
-1982.0,200,0,1
-2378.0,200,0,1
-1883.0,200,0,1
-1586.0,200,0,1
-1388.0,200,0,1
-1982.0,200,0,1
-1289.0,200,0,1
-2378.0,200,0,1
-1289.0,200,0,1
-2279.0,200,0,1
-1784.0,200,0,1
-3368.0,200,0,1
-1685.0,200,0,1
-1190.0,200,0,1
-1883.0,200,0,1
-1685.0,200,0,1
-2081.0,200,0,1
-2477.0,200,0,1
-1388.0,200,0,1
-1982.0,200,0,1
-1883.0,200,0,1
-1883.0,200,0,1
-992.0,200,0,1
-2477.0,200,0,1
-2873.0,200,0,1
-1784.0,200,0,1
-2477.0,200,0,1
-2873.0,200,0,1
-2378.0,200,0,1
-2081.0,200,0,1
-1289.0,200,0,1
-1487.0,200,0,1
-2972.0,200,0,1
-2675.0,200,0,1
-794.0,200,0,1
-2675.0,200,0,1
-1388.0,200,0,1
-2972.0,200,0,1
-2279.0,200,0,1
-893.0,200,0,1
-1685.0,200,0,1
-3269.0,200,0,1
-1982.0,200,0,1
-2477.0,200,0,1
-1784.0,200,0,1
-1883.0,200,0,1
-2378.0,200,0,1
-1586.0,200,0,1
-1388.0,200,0,1
-2081.0,200,0,1
-1388.0,200,0,1
-2675.0,200,0,1
-1091.0,200,0,1
-2675.0,200,0,1
-2477.0,200,0,1
-2180.0,200,0,1
-1388.0,200,0,1
-1388.0,200,0,1
-1784.0,200,0,1
-4457.0,200,0,1
-3467.0,200,0,1
-2576.0,200,0,1
-2873.0,200,0,1
-1586.0,200,0,1
-1586.0,200,0,1
-3071.0,200,0,1
-1190.0,200,0,1
-2378.0,200,0,1
-3071.0,200,0,1
-1190.0,200,0,1
-3170.0,200,0,1
-1289.0,200,0,1
-1586.0,200,0,1
-1685.0,200,0,1
-2378.0,200,0,1
-1388.0,200,0,1
-1883.0,200,0,1
-1388.0,200,0,1
-2081.0,200,0,1
-1982.0,200,0,1
-2378.0,200,0,1
-1982.0,200,0,1
-2081.0,200,0,1
-150.0,51,1,1
-2477.0,200,0,1
-2873.0,200,0,1
-2180.0,200,0,1
-1388.0,200,0,1
-3269.0,200,0,1
-794.0,200,0,1
-1091.0,200,0,1
-2576.0,200,0,1
-1883.0,200,0,1
-3764.0,200,0,1
-3467.0,200,0,1
-2774.0,200,0,1
-794.0,200,0,1
-3071.0,200,0,1
-1784.0,200,0,1
-1289.0,200,0,1
-2279.0,200,0,1
-2279.0,200,0,1
-2774.0,200,0,1
-1784.0,200,0,1
-2279.0,200,0,1
-3962.0,200,0,1
-1487.0,200,0,1
-505.0,109,1,1
-3170.0,200,0,1
-1784.0,200,0,1
-1586.0,200,0,1
-2279.0,200,0,1
-2675.0,200,0,1
-1190.0,200,0,1
-2279.0,200,0,1
-1586.0,200,0,1
-4160.0,200,0,1
-2378.0,200,0,1
-2378.0,200,0,1
-1784.0,200,0,1
-2378.0,200,0,1
-2378.0,200,0,1
-1883.0,200,0,1
-1685.0,200,0,1
-237.0,138,1,1
-2279.0,200,0,1
-1685.0,200,0,1
-1784.0,200,0,1
-1586.0,200,0,1
-1784.0,200,0,1
-1289.0,200,0,1
-1784.0,200,0,1
-1982.0,200,0,1
-2081.0,200,0,1
-1586.0,200,0,1
-1685.0,200,0,1
-2378.0,200,0,1
-2774.0,200,0,1
-1982.0,200,0,1
-2675.0,200,0,1
-1289.0,200,0,1
-2675.0,200,0,1
-1289.0,200,0,1
-2279.0,200,0,1
-1586.0,200,0,1
-2477.0,200,0,1
-1982.0,200,0,1
-1883.0,200,0,1
-2477.0,200,0,1
-1982.0,200,0,1
-2675.0,200,0,1
-3071.0,200,0,1
-1487.0,200,0,1
-2081.0,200,0,1
-1586.0,200,0,1
-1289.0,200,0,1
-2576.0,200,0,1
-2180.0,200,0,1
-1982.0,200,0,1
-2675.0,200,0,1
-1388.0,200,0,1
-2972.0,200,0,1
-3071.0,200,0,1
-1784.0,200,0,1
-1784.0,200,0,1
-2774.0,200,0,1
-1784.0,200,0,1
-1982.0,200,0,1
-1883.0,200,0,1
-2378.0,200,0,1
-1586.0,200,0,1
-1487.0,200,0,1
-1487.0,200,0,1
-4655.0,200,0,1
-1091.0,200,0,1
-2081.0,200,0,1
-1784.0,200,0,1
-3269.0,200,0,1
-3170.0,200,0,1
-2675.0,200,0,1
-1055.0,164,1,1
-2378.0,200,0,1
-1388.0,200,0,1
-1784.0,200,0,1
-2081.0,200,0,1
-2576.0,200,0,1
-1883.0,200,0,1
-1883.0,200,0,1
-2180.0,200,0,1
-3566.0,200,0,1
-1586.0,200,0,1
-2675.0,200,0,1
-1982.0,200,0,1
-893.0,200,0,1
-1388.0,200,0,1
-3665.0,200,0,1
-1982.0,200,0,1
-1982.0,200,0,1
-1883.0,200,0,1
-1883.0,200,0,1
-3170.0,200,0,1
-1982.0,200,0,1
-2477.0,200,0,1
-2081.0,200,0,1
-1982.0,200,0,1
-1685.0,200,0,1
-1784.0,200,0,1
-2279.0,200,0,1
-2477.0,200,0,1
-2477.0,200,0,1
-1388.0,200,0,1
-2279.0,200,0,1
-2972.0,200,0,1
-2774.0,200,0,1
-2180.0,200,0,1
-1586.0,200,0,1
-1542.0,156,1,1
-2774.0,200,0,1
-3269.0,200,0,1
-1784.0,200,0,1
-1883.0,200,0,1
-1487.0,200,0,1
-2279.0,200,0,1
-2873.0,200,0,1
-1190.0,200,0,1
-2279.0,200,0,1
-2180.0,200,0,1
-1091.0,200,0,1
-2180.0,200,0,1
-1091.0,200,0,1
-1388.0,200,0,1
-2873.0,200,0,1
-2180.0,200,0,1
-2477.0,200,0,1
-1487.0,200,0,1
-2873.0,200,0,1
-2279.0,200,0,1
-2081.0,200,0,1
-2081.0,200,0,1
-2477.0,200,0,1
-2477.0,200,0,1
-1982.0,200,0,1
-2378.0,200,0,1
-1685.0,200,0,1
-2081.0,200,0,1
-2081.0,200,0,1
-1190.0,200,0,1
-1289.0,200,0,1
-2378.0,200,0,1
-2378.0,200,0,1
-2279.0,200,0,1
-1883.0,200,0,1
-3170.0,200,0,1
-2378.0,200,0,1
-596.0,200,0,1
-1487.0,200,0,1
-2675.0,200,0,1
-1109.0,119,1,1
-2378.0,200,0,1
-3566.0,200,0,1
-2081.0,200,0,1
-2081.0,200,0,1
-2081.0,200,0,1
-2477.0,200,0,1
-2180.0,200,0,1
-3071.0,200,0,1
-1883.0,200,0,1
-1685.0,200,0,1
-1685.0,200,0,1
-1289.0,200,0,1
-1685.0,200,0,1
-1487.0,200,0,1
-2873.0,200,0,1
-3071.0,200,0,1
-2576.0,200,0,1
-2972.0,200,0,1
-2378.0,200,0,1
-1487.0,200,0,1
-2477.0,200,0,1
-2576.0,200,0,1
-4259.0,200,0,1
-2378.0,200,0,1
-2279.0,200,0,1
-1586.0,200,0,1
-1289.0,200,0,1
-1388.0,200,0,1
-1190.0,200,0,1
-3071.0,200,0,1
-2774.0,200,0,1
-1289.0,200,0,1
-2081.0,200,0,1
-1289.0,200,0,1
-2477.0,200,0,1
-1586.0,200,0,1
-1883.0,200,0,1
-2081.0,200,0,1
-1784.0,200,0,1
-2378.0,200,0,1
-2774.0,200,0,1
-2180.0,200,0,1
-978.0,186,1,1
-1586.0,200,0,1
-2576.0,200,0,1
-2180.0,200,0,1
-2873.0,200,0,1
-1982.0,200,0,1
-1685.0,200,0,1
-2972.0,200,0,1
-2180.0,200,0,1
-1982.0,200,0,1
-4160.0,200,0,1
-1883.0,200,0,1
-1685.0,200,0,1
-1685.0,200,0,1
-2477.0,200,0,1
-2774.0,200,0,1
-2972.0,200,0,1
-2477.0,200,0,1
-2279.0,200,0,1
-1784.0,200,0,1
-2576.0,200,0,1
-2477.0,200,0,1
-2081.0,200,0,1
-2477.0,200,0,1
-695.0,200,0,1
-2972.0,200,0,1
-2378.0,200,0,1
-1883.0,200,0,1
-2873.0,200,0,1
-1685.0,200,0,1
-3269.0,200,0,1
-1883.0,200,0,1
-1388.0,200,0,1
-2477.0,200,0,1
-2477.0,200,0,1
-2675.0,200,0,1
-3566.0,200,0,1
-2477.0,200,0,1
-794.0,200,0,1
-2180.0,200,0,1
-3368.0,200,0,1
-1685.0,200,0,1
-1784.0,200,0,1
-1982.0,200,0,1
-2180.0,200,0,1
-1883.0,200,0,1
-2378.0,200,0,1
-2675.0,200,0,1
-2279.0,200,0,1
-695.0,200,0,1
-1883.0,200,0,1
-2972.0,200,0,1
-2477.0,200,0,1
-3170.0,200,0,1
-3566.0,200,0,1
-1883.0,200,0,1
-2081.0,200,0,1
-3368.0,200,0,1
-2279.0,200,0,1
-1982.0,200,0,1
-2477.0,200,0,1
-2675.0,200,0,1
-1784.0,200,0,1
-1190.0,200,0,1
-1190.0,200,0,1
-1883.0,200,0,1
-1883.0,200,0,1
-1388.0,200,0,1
-2081.0,200,0,1
-1190.0,200,0,1
-1685.0,200,0,1
-2180.0,200,0,1
-2576.0,200,0,1
-2477.0,200,0,1
-2180.0,200,0,1
-1685.0,200,0,1
-1289.0,200,0,1
-2279.0,200,0,1
-2279.0,200,0,1
-2774.0,200,0,1
-1982.0,200,0,1
-2081.0,200,0,1
-1883.0,200,0,1
-1586.0,200,0,1
-1982.0,200,0,1
-2081.0,200,0,1
-3467.0,200,0,1
-1883.0,200,0,1
-2477.0,200,0,1
-2180.0,200,0,1
-1685.0,200,0,1
-1883.0,200,0,1
-1685.0,200,0,1
-2675.0,200,0,1
-2378.0,200,0,1
-1982.0,200,0,1
-2081.0,200,0,1
-2477.0,200,0,1
-1883.0,200,0,1
-2279.0,200,0,1
-1685.0,200,0,1
-2972.0,200,0,1
-2279.0,200,0,1
-2477.0,200,0,1
-1289.0,200,0,1
-1685.0,200,0,1
-2477.0,200,0,1
-2180.0,200,0,1
-2279.0,200,0,1
-3170.0,200,0,1
-3368.0,200,0,1
-1091.0,200,0,1
-1388.0,200,0,1
-1487.0,200,0,1
-1487.0,200,0,1
-1388.0,200,0,1
-1982.0,200,0,1
-1784.0,200,0,1
-1982.0,200,0,1
-2774.0,200,0,1
-1982.0,200,0,1
-2180.0,200,0,1
-1289.0,200,0,1
-1982.0,200,0,1
-3170.0,200,0,1
-2477.0,200,0,1
-2576.0,200,0,1
-2477.0,200,0,1
-2081.0,200,0,1
-2477.0,200,0,1
-1982.0,200,0,1
-2774.0,200,0,1
-1982.0,200,0,1
-1685.0,200,0,1
-2477.0,200,0,1
-2972.0,200,0,1
-1586.0,200,0,1
-2477.0,200,0,1
-2279.0,200,0,1
-1487.0,200,0,1
-3269.0,200,0,1
-1388.0,200,0,1
-1685.0,200,0,1
-2180.0,200,0,1
-1487.0,200,0,1
-1883.0,200,0,1
-2081.0,200,0,1
-93.0,93,1,0
-2477.0,200,0,1
-1289.0,200,0,1
-2279.0,200,0,1
-1091.0,200,0,1
-1883.0,200,0,1
-3863.0,200,0,1
-2873.0,200,0,1
-1883.0,200,0,1
-2477.0,200,0,1
-2180.0,200,0,1
-1487.0,200,0,1
-1784.0,200,0,1
-2873.0,200,0,1
-1487.0,200,0,1
-1883.0,200,0,1
-2576.0,200,0,1
-1586.0,200,0,1
-491.0,95,1,1
-2081.0,200,0,1
-2972.0,200,0,1
-3071.0,200,0,1
-2576.0,200,0,1
-2477.0,200,0,1
-1586.0,200,0,1
-2081.0,200,0,1
-794.0,200,0,1
-1289.0,200,0,1
-1784.0,200,0,1
-2774.0,200,0,1
-3962.0,200,0,1
-1784.0,200,0,1
-1982.0,200,0,1
-1091.0,200,0,1
-1982.0,200,0,1
-2180.0,200,0,1
-2081.0,200,0,1
-2378.0,200,0,1
-992.0,200,0,1
-1586.0,200,0,1
-1883.0,200,0,1
-1982.0,200,0,1
-1388.0,200,0,1
-1784.0,200,0,1
-1487.0,200,0,1
-2477.0,200,0,1
-3368.0,200,0,1
-2675.0,200,0,1
-1386.0,99,1,1
-1982.0,200,0,1
-2873.0,200,0,1
-2873.0,200,0,1
-1685.0,200,0,1
-1487.0,200,0,1
-1289.0,200,0,1
-2081.0,200,0,1
-1784.0,200,0,1
-1289.0,200,0,1
-308.0,110,1,1
-2576.0,200,0,1
-2477.0,200,0,1
-893.0,200,0,1
-1685.0,200,0,1
-3764.0,200,0,1
-2675.0,200,0,1
-1784.0,200,0,1
-1685.0,200,0,1
-1487.0,200,0,1
-2477.0,200,0,1
-794.0,200,0,1
-1586.0,200,0,1
-2774.0,200,0,1
-2180.0,200,0,1
-2873.0,200,0,1
-2279.0,200,0,1
-1487.0,200,0,1
-2081.0,200,0,1
-3467.0,200,0,1
-2081.0,200,0,1
-1388.0,200,0,1
-1982.0,200,0,1
-1586.0,200,0,1
-3764.0,200,0,1
-992.0,200,0,1
-1586.0,200,0,1
-2081.0,200,0,1
-2180.0,200,0,1
-2576.0,200,0,1
-1487.0,200,0,1
-1586.0,200,0,1
-1784.0,200,0,1
-3071.0,200,0,1
-2378.0,200,0,1
-2378.0,200,0,1
-1586.0,200,0,1
-1190.0,200,0,1
-1685.0,200,0,1
-2774.0,200,0,1
-992.0,200,0,1
-2873.0,200,0,1
-2576.0,200,0,1
-1982.0,200,0,1
-1784.0,200,0,1
-2576.0,200,0,1
-1982.0,200,0,1
-2180.0,200,0,1
-1685.0,200,0,1
-2972.0,200,0,1
-2081.0,200,0,1
-1190.0,200,0,1
-2477.0,200,0,1
-1784.0,200,0,1
-1289.0,200,0,1
-1487.0,200,0,1
-1982.0,200,0,1
-2081.0,200,0,1
-1685.0,200,0,1
-2774.0,200,0,1
-2378.0,200,0,1
-2279.0,200,0,1
-1685.0,200,0,1
-2873.0,200,0,1
-2180.0,200,0,1
-893.0,200,0,1
-2675.0,200,0,1
-1685.0,200,0,1
-2675.0,200,0,1
-1784.0,200,0,1
-2180.0,200,0,1
-1586.0,200,0,1
-3269.0,200,0,1
-2477.0,200,0,1
-431.0,134,1,1
-2873.0,200,0,1
-2279.0,200,0,1
-3071.0,200,0,1
-1982.0,200,0,1
-2774.0,200,0,1
-2378.0,200,0,1
-2081.0,200,0,1
-1388.0,200,0,1
-2180.0,200,0,1
-3665.0,200,0,1
-2081.0,200,0,1
-2873.0,200,0,1
-1487.0,200,0,1
-2081.0,200,0,1
-1289.0,200,0,1
-1586.0,200,0,1
-3368.0,200,0,1
-1487.0,200,0,1
-2279.0,200,0,1
-1982.0,200,0,1
-893.0,200,0,1
-1982.0,200,0,1
-2279.0,200,0,1
-992.0,200,0,1
-1487.0,200,0,1
-1784.0,200,0,1
-1784.0,200,0,1
-2081.0,200,0,1
-2180.0,200,0,1
-2081.0,200,0,1
-2477.0,200,0,1
-893.0,200,0,1
-1982.0,200,0,1
-2279.0,200,0,1
-1982.0,200,0,1
-2873.0,200,0,1
-2378.0,200,0,1
-1487.0,200,0,1
-1982.0,200,0,1
-1883.0,200,0,1
-3368.0,200,0,1
-1685.0,200,0,1
-1487.0,200,0,1
-1487.0,200,0,1
-2378.0,200,0,1
-1883.0,200,0,1
-2873.0,200,0,1
-1982.0,200,0,1
-2081.0,200,0,1
-1289.0,200,0,1
-1685.0,200,0,1
-3071.0,200,0,1
-1388.0,200,0,1
-2180.0,200,0,1
-1190.0,200,0,1
-1024.0,133,1,1
-3071.0,200,0,1
-2675.0,200,0,1
-1784.0,200,0,1
-3962.0,200,0,1
-2378.0,200,0,1
-1388.0,200,0,1
-2378.0,200,0,1
-1487.0,200,0,1
-1190.0,200,0,1
-2675.0,200,0,1
-2279.0,200,0,1
-2378.0,200,0,1
-1586.0,200,0,1
-695.0,200,0,1
-1685.0,200,0,1
-2081.0,200,0,1
-1586.0,200,0,1
-2477.0,200,0,1
-2675.0,200,0,1
-2279.0,200,0,1
-3170.0,200,0,1
-1784.0,200,0,1
-2180.0,200,0,1
-1685.0,200,0,1
-1388.0,200,0,1
-1487.0,200,0,1
-1685.0,200,0,1
-1586.0,200,0,1
-2081.0,200,0,1
-2180.0,200,0,1
-2279.0,200,0,1
-2081.0,200,0,1
-1289.0,200,0,1
-1388.0,200,0,1
-2576.0,200,0,1
-1487.0,200,0,1
-1982.0,200,0,1
-2675.0,200,0,1
-794.0,200,0,1
-2774.0,200,0,1
-1190.0,200,0,1
-2180.0,200,0,1
-2081.0,200,0,1
-2180.0,200,0,1
-992.0,200,0,1
-2576.0,200,0,1
-2972.0,200,0,1
-2477.0,200,0,1
-1784.0,200,0,1
-1091.0,200,0,1
-1388.0,200,0,1
-3170.0,200,0,1
-1982.0,200,0,1
-1883.0,200,0,1
-2279.0,200,0,1
-1586.0,200,0,1
-2972.0,200,0,1
-1784.0,200,0,1
-1685.0,200,0,1
-1982.0,200,0,1
-1883.0,200,0,1
-1982.0,200,0,1
-1487.0,200,0,1
-1289.0,200,0,1
-1190.0,200,0,1
-2279.0,200,0,1
-1685.0,200,0,1
-1487.0,200,0,1
-2873.0,200,0,1
-2675.0,200,0,1
-3071.0,200,0,1
-1685.0,200,0,1
-3269.0,200,0,1
-1685.0,200,0,1
-3368.0,200,0,1
-1388.0,200,0,1
-1289.0,200,0,1
-2576.0,200,0,1
-2774.0,200,0,1
-3467.0,200,0,1
-1784.0,200,0,1
-1487.0,200,0,1
-2576.0,200,0,1
-2279.0,200,0,1
-794.0,200,0,1
-1784.0,200,0,1
-1388.0,200,1,1
-1289.0,200,0,1
-1982.0,200,0,1
-1091.0,200,0,1
-1982.0,200,0,1
-2180.0,200,0,1
-2873.0,200,0,1
-2279.0,200,0,1
-2279.0,200,0,1
-2576.0,200,0,1
-1487.0,200,0,1
-1883.0,200,0,1
-1883.0,200,0,1
-2081.0,200,0,1
-2279.0,200,0,1
-1784.0,200,0,1
-3368.0,200,0,1
-3368.0,200,0,1
-2279.0,200,0,1
-2675.0,200,0,1
-1487.0,200,0,1
-1487.0,200,0,1
-1289.0,200,0,1
-1685.0,200,0,1
-2180.0,200,0,1
-3170.0,200,0,1
-1982.0,200,0,1
-2081.0,200,0,1
-1982.0,200,0,1
-1388.0,200,0,1
-2972.0,200,0,1
-1982.0,200,0,1
-2873.0,200,0,1
-2873.0,200,0,1
-1883.0,200,0,1
-598.0,103,1,1
-1289.0,200,0,1
-2477.0,200,0,1
-2081.0,200,0,1
-3269.0,200,0,1
-1784.0,200,0,1
-1982.0,200,0,1
-2279.0,200,0,1
-2180.0,200,0,1
-3368.0,200,0,1
-1487.0,200,0,1
-1685.0,200,0,1
-2378.0,200,0,1
-1982.0,200,0,1
-1982.0,200,0,1
-2972.0,200,0,1
-2576.0,200,0,1
-2180.0,200,0,1
-2180.0,200,0,1
-2477.0,200,0,1
-3269.0,200,0,1
-1883.0,200,0,1
-1883.0,200,0,1
-1378.0,190,1,1
-2081.0,200,0,1
-1091.0,200,0,1
-1586.0,200,0,1
-1685.0,200,0,1
-2378.0,200,0,1
-2675.0,200,0,1
-1883.0,200,0,1
-2477.0,200,0,1
-2279.0,200,0,1
-2774.0,200,0,1
-2279.0,200,0,1
-1487.0,200,0,1
-2279.0,200,0,1
-1586.0,200,0,1
-1091.0,200,0,1
-2576.0,200,0,1
-2477.0,200,0,1
-1685.0,200,0,1
-3368.0,200,0,1
-2081.0,200,0,1
-2180.0,200,0,1
-2378.0,200,0,1
-1982.0,200,0,1
-2873.0,200,0,1
-2477.0,200,0,1
-3566.0,200,0,1
-1883.0,200,0,1
-1685.0,200,0,1
-1784.0,200,0,1
-2279.0,200,0,1
-3566.0,200,0,1
-2378.0,200,0,1
-2873.0,200,0,1
-1190.0,200,0,1
-2477.0,200,0,1
-1487.0,200,0,1
-3467.0,200,0,1
-2675.0,200,0,1
-2180.0,200,0,1
-2576.0,200,0,1
-2675.0,200,0,1
-2081.0,200,1,1
-3170.0,200,0,1
-2675.0,200,0,1
-2774.0,200,0,1
-2873.0,200,0,1
-2180.0,200,0,1
-2180.0,200,0,1
-2576.0,200,0,1
-2279.0,200,0,1
-3368.0,200,0,1
-1784.0,200,0,1
-2081.0,200,0,1
-1388.0,200,0,1
-2774.0,200,0,1
-2081.0,200,0,1
-2279.0,200,0,1
-2279.0,200,0,1
-1883.0,200,0,1
-2873.0,200,0,1
-1784.0,200,0,1
-1388.0,200,0,1
-1685.0,200,0,1
-2576.0,200,0,1
-1685.0,200,0,1
-1388.0,200,0,1
-2279.0,200,0,1
-1784.0,200,0,1
-1982.0,200,0,1
-1487.0,200,0,1
-1586.0,200,0,1
-1487.0,200,0,1
-3467.0,200,0,1
-1784.0,200,0,1
-3863.0,200,0,1
-1388.0,200,0,1
-1289.0,200,0,1
-1784.0,200,0,1
-2081.0,200,0,1
-2477.0,200,0,1
-2576.0,200,0,1
-2675.0,200,0,1
-1586.0,200,0,1
-1586.0,200,0,1
-1784.0,200,0,1
-1586.0,200,0,1
-2180.0,200,0,1
-2378.0,200,0,1
-1784.0,200,0,1
-2279.0,200,0,1
-2081.0,200,0,1
-1982.0,200,0,1
-1685.0,200,0,1
-1388.0,200,0,1
-2378.0,200,0,1
-893.0,200,0,1
-1784.0,200,0,1
-2774.0,200,0,1
-1388.0,200,0,1
-1388.0,200,0,1
-1487.0,200,0,1
-2279.0,200,0,1
-1982.0,200,0,1
-1784.0,200,0,1
-695.0,200,0,1
-2477.0,200,0,1
-2279.0,200,0,1
-2081.0,200,0,1
-3269.0,200,0,1
-2477.0,200,0,1
-2279.0,200,0,1
-1388.0,200,0,1
-1685.0,200,0,1
-2972.0,200,0,1
-2774.0,200,0,1
-1685.0,200,0,1
-2873.0,200,0,1
-1982.0,200,0,1
-1784.0,200,0,1
-2675.0,200,0,1
-2180.0,200,0,1
-3071.0,200,0,1
-1982.0,200,0,1
-1784.0,200,0,1
-1388.0,200,0,1
-1685.0,200,0,1
-1685.0,200,0,1
-2873.0,200,0,1
-1784.0,200,0,1
-2378.0,200,0,1
-2477.0,200,0,1
-1462.0,175,1,1
-1883.0,200,0,1
-2477.0,200,0,1
-2675.0,200,0,1
-2180.0,200,0,1
-893.0,200,0,1
-2279.0,200,0,1
-1586.0,200,0,1
-2279.0,200,0,1
-3368.0,200,0,1
-2279.0,200,0,1
-1388.0,200,0,1
-1091.0,200,0,1
-2675.0,200,0,1
-2477.0,200,0,1
-1586.0,200,0,1
-1883.0,200,0,1
-2576.0,200,0,1
-1388.0,200,0,1
-1685.0,200,0,1
-2576.0,200,0,1
-1982.0,200,0,1
-2081.0,200,0,1
-1388.0,200,0,1
-1487.0,200,0,1
-2477.0,200,0,1
-1487.0,200,0,1
-3665.0,200,0,1
-1883.0,200,0,1
-1487.0,200,0,1
-2576.0,200,0,1
-2873.0,200,0,1
-1685.0,200,0,1
-1487.0,200,0,1
-1982.0,200,0,1
-2378.0,200,0,1
-2180.0,200,0,1
-2774.0,200,0,1
-1685.0,200,0,1
-1190.0,200,0,1
-1586.0,200,0,1
-2972.0,200,0,1
-2576.0,200,0,1
-3071.0,200,0,1
-2378.0,200,0,1
-2081.0,200,0,1
-2477.0,200,0,1
-2180.0,200,0,1
-2675.0,200,0,1
-2576.0,200,0,1
-2279.0,200,0,1
-1340.0,152,1,1
-1685.0,200,0,1
-2873.0,200,0,1
-2081.0,200,0,1
-2675.0,200,0,1
-2873.0,200,0,1
-1883.0,200,0,1
-3368.0,200,0,1
-1784.0,200,0,1
-2873.0,200,0,1
-2279.0,200,0,1
-497.0,200,0,1
-3170.0,200,0,1
-2081.0,200,0,1
-1883.0,200,0,1
-2873.0,200,0,1
-1883.0,200,0,1
-1586.0,200,0,1
-967.0,175,1,1
-1784.0,200,0,1
-2675.0,200,0,1
-1784.0,200,0,1
-2180.0,200,0,1
-1982.0,200,0,1
-1982.0,200,0,1
-2477.0,200,0,1
-1190.0,200,0,1
-2179.0,199,1,1
-2576.0,200,0,1
-1190.0,200,0,1
-992.0,200,0,1
-2081.0,200,0,1
-2477.0,200,0,1
-2378.0,200,0,1
-2180.0,200,0,1
-3170.0,200,0,1
-1388.0,200,0,1
-2180.0,200,0,1
-2675.0,200,0,1
-1091.0,200,0,1
-1883.0,200,0,1
-3071.0,200,0,1
-3071.0,200,0,1
-2378.0,200,0,1
-2576.0,200,0,1
-2675.0,200,0,1
-2477.0,200,0,1
-2477.0,200,0,1
-2576.0,200,0,1
-2576.0,200,0,1
-992.0,200,0,1
-1685.0,200,0,1
-2081.0,200,0,1
-2378.0,200,0,1
-1784.0,200,0,1
-1166.0,176,1,1
-1784.0,200,0,1
-2378.0,200,0,1
-1487.0,200,0,1
-1685.0,200,0,1
-992.0,200,0,1
-1883.0,200,0,1
-1982.0,200,0,1
-1685.0,200,0,1
-2774.0,200,0,1
-1982.0,200,0,1
-2081.0,200,0,1
-2774.0,200,0,1
-1289.0,200,0,1
-2972.0,200,0,1
-1190.0,200,0,1
-1484.0,197,1,1
-2972.0,200,0,1
-2081.0,200,0,1
-2774.0,200,0,1
-2279.0,200,0,1
-2180.0,200,0,1
-2279.0,200,0,1
-1685.0,200,0,1
-1784.0,200,0,1
-2378.0,200,0,1
-2576.0,200,0,1
-1883.0,200,0,1
-2378.0,200,0,1
-2774.0,200,0,1
-1784.0,200,0,1
-2477.0,200,0,1
-1190.0,200,0,1
-2378.0,200,0,1
-1487.0,200,0,1
-1487.0,200,0,1
-2081.0,200,0,1
-2279.0,200,0,1
-2081.0,200,0,1
-1487.0,200,0,1
-1883.0,200,0,1
-2972.0,200,0,1
-1982.0,200,0,1
-1289.0,200,0,1
-2081.0,200,0,1
-2576.0,200,0,1
-2378.0,200,0,1
-1685.0,200,0,1
-1586.0,200,0,1
-2378.0,200,0,1
-2675.0,200,0,1
-2081.0,200,0,1
-1289.0,200,0,1
-1685.0,200,0,1
-2378.0,200,0,1
-2081.0,200,0,1
-2180.0,200,0,1
-2279.0,200,0,1
-3071.0,200,0,1
-2972.0,200,0,1
-1003.0,112,1,1
-2081.0,200,0,1
-2279.0,200,0,1
-2972.0,200,0,1
-1289.0,200,0,1
-2873.0,200,0,1
-3170.0,200,0,1
-2477.0,200,0,1
-1586.0,200,0,1
-2576.0,200,0,1
-2279.0,200,0,1
-2279.0,200,0,1
-1289.0,200,0,1
-582.0,87,1,1
-2378.0,200,0,1
-1982.0,200,0,1
-2279.0,200,0,1
-2081.0,200,0,1
-1982.0,200,0,1
-2972.0,200,0,1
-1289.0,200,0,1
-1487.0,200,0,1
-2873.0,200,0,1
-1685.0,200,0,1
-2279.0,200,0,1
-1883.0,200,0,1
-1487.0,200,0,1
-1883.0,200,0,1
-4457.0,200,0,1
-2873.0,200,0,1
-2378.0,200,0,1
-1487.0,200,0,1
-695.0,200,0,1
-2675.0,200,0,1
-3467.0,200,0,1
-2972.0,200,0,1
-2774.0,200,0,1
-1289.0,200,0,1
-2378.0,200,0,1
-2873.0,200,0,1
-3368.0,200,0,1
-2873.0,200,0,1
-1982.0,200,0,1
-1388.0,200,0,1
-3368.0,200,0,1
-2774.0,200,0,1
-1388.0,200,0,1
-396.0,99,1,1
-992.0,200,0,1
-2675.0,200,0,1
-1883.0,200,0,1
-2378.0,200,0,1
-2576.0,200,0,1
-1586.0,200,0,1
-1685.0,200,0,1
-1487.0,200,0,1
-2774.0,200,0,1
-1487.0,200,0,1
-1883.0,200,0,1
-1388.0,200,0,1
-2972.0,200,0,1
-1883.0,200,0,1
-2675.0,200,0,1
-2774.0,200,0,1
-3764.0,200,0,1
-1883.0,200,0,1
-1289.0,200,0,1
-1982.0,200,0,1
-2774.0,200,0,1
-3269.0,200,0,1
-1883.0,200,0,1
-2081.0,200,0,1
-2081.0,200,0,1
-2081.0,200,0,1
-1487.0,200,0,1
-2477.0,200,0,1
-2477.0,200,0,1
-1586.0,200,0,1
-2062.0,181,1,1
-3071.0,200,0,1
-1289.0,200,0,1
-2675.0,200,0,1
-1289.0,200,0,1
-3170.0,200,0,1
-2675.0,200,0,1
-1487.0,200,0,1
-2180.0,200,0,1
-2180.0,200,0,1
-2180.0,200,0,1
-1631.0,146,1,1
-2279.0,200,0,1
-1982.0,200,0,1
-1289.0,200,0,1
-988.0,97,1,1
-2675.0,200,0,1
-1685.0,200,0,1
-2675.0,200,0,1
-2576.0,200,0,1
-2081.0,200,0,1
-3764.0,200,0,1
-2081.0,200,0,1
-2180.0,200,0,1
-1784.0,200,0,1
-2576.0,200,0,1
-1982.0,200,0,1
-2477.0,200,0,1
-2675.0,200,0,1
-1883.0,200,0,1
-1487.0,200,0,1
-2576.0,200,0,1
-2972.0,200,0,1
-2081.0,200,0,1
-2972.0,200,0,1
-2279.0,200,0,1
-2378.0,200,0,1
-1289.0,200,0,1
-2378.0,200,0,1
-2477.0,200,0,1
-1586.0,200,0,1
-1982.0,200,0,1
-1883.0,200,0,1
-2576.0,200,0,1
-1685.0,200,0,1
-2279.0,200,0,1
-1685.0,200,0,1
-2378.0,200,0,1
-1883.0,200,0,1
-2180.0,200,0,1
-1586.0,200,0,1
-893.0,200,0,1
-1487.0,200,0,1
-1586.0,200,0,1
-2180.0,200,0,1
-1388.0,200,0,1
-3368.0,200,0,1
-2279.0,200,0,1
-1487.0,200,0,1
-2477.0,200,0,1
-2279.0,200,0,1
-2081.0,200,0,1
-2477.0,200,0,1
-2279.0,200,0,1
-2378.0,200,0,1
-2378.0,200,0,1
-3467.0,200,0,1
-2279.0,200,0,1
-1685.0,200,0,1
-2477.0,200,0,1
-1388.0,200,0,1
-4160.0,200,0,1
-2675.0,200,0,1
-2378.0,200,0,1
-2279.0,200,0,1
-1685.0,200,0,1
-893.0,200,0,1
-1784.0,200,0,1
-2972.0,200,0,1
-2081.0,200,0,1
-3566.0,200,0,1
-1883.0,200,0,1
-2081.0,200,0,1
-2279.0,200,0,1
-3368.0,200,0,1
-2180.0,200,0,1
-2675.0,200,0,1
-2576.0,200,0,1
-1289.0,200,0,1
-1685.0,200,0,1
-3269.0,200,0,1
-1388.0,200,0,1
-2675.0,200,0,1
-992.0,200,0,1
-1190.0,200,0,1
-2279.0,200,0,1
-2774.0,200,0,1
-2378.0,200,0,1
-2081.0,200,0,1
-1487.0,200,0,1
-1190.0,200,0,1
-1685.0,200,0,1
-1685.0,200,0,1
-1982.0,200,0,1
-1586.0,200,0,1
-2576.0,200,0,1
-3170.0,200,0,1
-893.0,200,0,1
-1289.0,200,0,1
-3269.0,200,0,1
-2081.0,200,0,1
-2279.0,200,0,1
-2477.0,200,0,1
-1586.0,200,0,1
-2081.0,200,0,1
-2378.0,200,0,1
-2180.0,200,0,1
-2081.0,200,0,1
-1883.0,200,0,1
-2774.0,200,0,1
-2576.0,200,0,1
-3071.0,200,0,1
-2675.0,200,0,1
-2180.0,200,0,1
-1586.0,200,0,1
-3368.0,200,0,1
-1883.0,200,0,1
-1982.0,200,0,1
-2576.0,200,0,1
-2081.0,200,0,1
-695.0,200,0,1
-2279.0,200,0,1
-1883.0,200,0,1
-1586.0,200,0,1
-3170.0,200,0,1
-1487.0,200,0,1
-1487.0,200,0,1
-2873.0,200,0,1
-1784.0,200,0,1
-2675.0,200,0,1
-1982.0,200,0,1
-1190.0,200,0,1
-1487.0,200,0,1
-2477.0,200,0,1
-2675.0,200,0,1
-1784.0,200,0,1
-1982.0,200,0,1
-1190.0,200,0,1
-1487.0,200,0,1
-2378.0,200,0,1
-2180.0,200,0,1
-1784.0,200,0,1
-2576.0,200,0,1
-2279.0,200,0,1
-1883.0,200,0,1
-2873.0,200,0,1
-1982.0,200,0,1
-2675.0,200,0,1
-1883.0,200,0,1
-1784.0,200,0,1
-1883.0,200,0,1
-2378.0,200,0,1
-1685.0,200,0,1
-1883.0,200,0,1
-2180.0,200,0,1
-1784.0,200,0,1
-2180.0,200,0,1
-1685.0,200,0,1
-2180.0,200,0,1
-3170.0,200,0,1
-1784.0,200,0,1
-2279.0,200,0,1
-1883.0,200,0,1
-2873.0,200,0,1
-2378.0,200,0,1
-2378.0,200,0,1
-2675.0,200,0,1
-3170.0,200,0,1
-596.0,200,0,1
-2972.0,200,0,1
-1586.0,200,0,1
-3467.0,200,0,1
-2279.0,200,0,1
-2279.0,200,0,1
-2576.0,200,0,1
-3764.0,200,0,1
-3071.0,200,0,1
-1883.0,200,0,1
-1784.0,200,0,1
-1982.0,200,0,1
-2180.0,200,0,1
-2477.0,200,0,1
-2180.0,200,0,1
-1685.0,200,0,1
-1685.0,200,0,1
-2378.0,200,0,1
-2972.0,200,0,1
-2477.0,200,0,1
-2675.0,200,0,1
-3071.0,200,0,1
-1388.0,200,0,1
-2279.0,200,0,1
-2081.0,200,0,1
-2873.0,200,0,1
-2279.0,200,0,1
-2774.0,200,0,1
-3368.0,200,0,1
-1982.0,200,0,1
-1388.0,200,0,1
-2774.0,200,0,1
-1883.0,200,0,1
-1586.0,200,0,1
-1487.0,200,0,1
-3962.0,200,0,1
-3269.0,200,0,1
-3071.0,200,0,1
-2576.0,200,0,1
-2279.0,200,0,1
-2774.0,200,0,1
-1883.0,200,0,1
-2180.0,200,0,1
-2675.0,200,0,1
-1883.0,200,0,1
-1487.0,200,0,1
-1289.0,200,0,1
-2081.0,200,0,1
-3269.0,200,0,1
-1082.0,191,1,1
-1685.0,200,0,1
-2972.0,200,0,1
-1289.0,200,0,1
-1388.0,200,0,1
-1982.0,200,0,1
-1586.0,200,0,1
-1883.0,200,0,1
-1487.0,200,0,1
-2972.0,200,0,1
-2378.0,200,0,1
-1190.0,200,0,1
-1982.0,200,0,1
-3071.0,200,0,1
-1784.0,200,0,1
-1685.0,200,0,1
-2279.0,200,0,1
-2576.0,200,0,1
-794.0,200,0,1
-1091.0,200,0,1
-1685.0,200,0,1
-2378.0,200,0,1
-1883.0,200,0,1
-2081.0,200,0,1
-3071.0,200,0,1
-2774.0,200,0,1
-2576.0,200,0,1
-1883.0,200,0,1
-1487.0,200,0,1
-1487.0,200,0,1
-2279.0,200,0,1
-2972.0,200,0,1
-3170.0,200,0,1
-794.0,200,0,1
-2378.0,200,0,1
-1586.0,200,0,1
-1685.0,200,0,1
-2477.0,200,0,1
-1982.0,200,0,1
-182.0,83,1,1
-2576.0,200,0,1
-2675.0,200,0,1
-2576.0,200,0,1
-2774.0,200,0,1
-1586.0,200,0,1
-2576.0,200,0,1
-2576.0,200,0,1
-2675.0,200,0,1
-1982.0,200,0,1
-1388.0,200,0,1
-2675.0,200,0,1
-1388.0,200,0,1
-2576.0,200,0,1
-2279.0,200,0,1
-2972.0,200,0,1
-2081.0,200,0,1
-1790.0,107,1,1
-1586.0,200,0,1
-1289.0,200,0,1
-1388.0,200,0,1
-1289.0,200,0,1
-2576.0,200,0,1
-3269.0,200,0,1
-1685.0,200,0,1
-1784.0,200,0,1
-2081.0,200,0,1
-1289.0,200,0,1
-2774.0,200,0,1
-1883.0,200,0,1
-1388.0,200,0,1
-1883.0,200,0,1
-1784.0,200,0,1
-1784.0,200,0,1
-1586.0,200,0,1
-585.0,90,1,1
-2675.0,200,0,1
-1388.0,200,0,1
-3071.0,200,0,1
-2576.0,200,0,1
-1883.0,200,0,1
-1982.0,200,0,1
-2180.0,200,0,1
-3269.0,200,0,1
-1883.0,200,0,1
-2378.0,200,0,1
-2873.0,200,0,1
-1586.0,200,0,1
-3665.0,200,0,1
-2576.0,200,0,1
-3170.0,200,0,1
-992.0,200,0,1
-1982.0,200,0,1
-2081.0,200,0,1
-1388.0,200,0,1
-1586.0,200,0,1
-2477.0,200,0,1
-3170.0,200,0,1
-1784.0,200,0,1
-1388.0,200,0,1
-451.0,154,1,1
-1190.0,200,0,1
-2774.0,200,0,1
-2972.0,200,0,1
-1388.0,200,0,1
-3962.0,200,0,1
-1586.0,200,0,1
-1982.0,200,0,1
-2576.0,200,0,1
-2378.0,200,0,1
-1487.0,200,0,1
-2477.0,200,0,1
-2279.0,200,0,1
-1784.0,200,0,1
-2081.0,200,0,1
-1388.0,200,0,1
-2576.0,200,0,1
-3071.0,200,0,1
-2378.0,200,0,1
-1982.0,200,0,1
-2081.0,200,0,1
-1883.0,200,0,1
-2972.0,200,0,1
-2873.0,200,0,1
-2279.0,200,0,1
-1487.0,200,0,1
-2477.0,200,0,1
-2675.0,200,0,1
-2774.0,200,0,1
-1982.0,200,0,1
-2972.0,200,0,1
-2180.0,200,0,1
-1388.0,200,0,1
-2081.0,200,0,1
-2081.0,200,0,1
-1388.0,200,0,1
-1091.0,200,0,1
-1685.0,200,0,1
-1982.0,200,0,1
-1190.0,200,0,1
-2774.0,200,0,1
-1091.0,200,0,1
-1685.0,200,0,1
-2576.0,200,0,1
-1091.0,200,0,1
-2180.0,200,0,1
-1487.0,200,0,1
-1883.0,200,0,1
-2972.0,200,0,1
-1487.0,200,0,1
-2279.0,200,0,1
-1784.0,200,0,1
-1388.0,200,0,1
-1883.0,200,0,1
-2081.0,200,0,1
-1586.0,200,0,1
-1784.0,200,0,1
-1982.0,200,0,1
-1784.0,200,0,1
-2477.0,200,0,1
-2774.0,200,0,1
-2873.0,200,0,1
-2477.0,200,0,1
-2378.0,200,0,1
-2873.0,200,0,1
-1388.0,200,0,1
-1586.0,200,0,1
-2576.0,200,0,1
-1190.0,200,0,1
-1586.0,200,0,1
-1388.0,200,0,1
-1883.0,200,0,1
-1091.0,200,0,1
-1784.0,200,0,1
-2279.0,200,0,1
-1586.0,200,0,1
-2081.0,200,0,1
-1685.0,200,0,1
-1982.0,200,0,1
-2477.0,200,0,1
-1586.0,200,0,1
-1091.0,200,0,1
-1685.0,200,0,1
-2279.0,200,0,1
-2279.0,200,0,1
-1586.0,200,0,1
-2774.0,200,0,1
-893.0,200,0,1
-2180.0,200,0,1
-2180.0,200,0,1
-1289.0,200,0,1
-2774.0,200,0,1
-2180.0,200,0,1
-2180.0,200,0,1
-3071.0,200,0,1
-992.0,200,0,1
-2774.0,200,0,1
-1586.0,200,0,1
-2477.0,200,0,1
-2180.0,200,0,1
-2873.0,200,0,1
-1388.0,200,0,1
-2576.0,200,0,1
-1784.0,200,0,1
-1982.0,200,0,1
-1289.0,200,0,1
-1685.0,200,0,1
-2279.0,200,0,1
-2477.0,200,0,1
-1982.0,200,0,1
-1883.0,200,0,1
-3170.0,200,0,1
-1883.0,200,0,1
-2378.0,200,0,1
-497.0,200,0,1
-1685.0,200,0,1
-1487.0,200,0,1
-1586.0,200,0,1
-3467.0,200,0,1
-1784.0,200,0,1
-2972.0,200,0,1
-2279.0,200,0,1
-2675.0,200,0,1
-1883.0,200,0,1
-2675.0,200,0,1
-1982.0,200,0,1
-2477.0,200,0,1
-2378.0,200,0,1
-2279.0,200,0,1
-2378.0,200,0,1
-2081.0,200,0,1
-1883.0,200,0,1
-2873.0,200,0,1
-1685.0,200,0,1
-2873.0,200,0,1
-2675.0,200,0,1
-2675.0,200,0,1
-3071.0,200,0,1
-2477.0,200,0,1
-2279.0,200,0,1
-794.0,200,0,1
-1388.0,200,0,1
-1982.0,200,0,1
-993.0,102,1,1
-1190.0,200,0,1
-1982.0,200,0,1
-1982.0,200,0,1
-3071.0,200,0,1
-1487.0,200,0,1
-1784.0,200,0,1
-1388.0,200,0,1
-3071.0,200,0,1
-1982.0,200,0,1
-2081.0,200,0,1
-1388.0,200,0,1
-1388.0,200,0,1
-2774.0,200,0,1
-3071.0,200,0,1
-3071.0,200,0,1
-2180.0,200,0,1
-1388.0,200,0,1
-1883.0,200,0,1
-2180.0,200,0,1
-1883.0,200,0,1
-3071.0,200,0,1
-1487.0,200,0,1
-1982.0,200,0,1
-2477.0,200,0,1
-695.0,200,0,1
-3368.0,200,0,1
-2873.0,200,0,1
-1982.0,200,0,1
-2576.0,200,0,1
-2378.0,200,0,1
-1388.0,200,0,1
-2378.0,200,0,1
-2972.0,200,0,1
-1388.0,200,0,1
-1388.0,200,0,1
-1487.0,200,0,1
-1982.0,200,0,1
-1140.0,150,1,1
-2378.0,200,0,1
-2673.0,198,1,1
-2279.0,200,0,1
-1091.0,200,0,1
-3170.0,200,0,1
-2180.0,200,0,1
-1487.0,200,0,1
-2081.0,200,0,1
-2477.0,200,0,1
-4358.0,200,0,1
-1685.0,200,0,1
-1982.0,200,0,1
-1289.0,200,0,1
-1289.0,200,0,1
-2378.0,200,0,1
-1586.0,200,0,1
-2378.0,200,0,1
-3071.0,200,0,1
-3566.0,200,0,1
-388.0,91,1,1
-2378.0,200,0,1
-2675.0,200,0,1
-2180.0,200,0,1
-2873.0,200,0,1
-1883.0,200,0,1
-2081.0,200,0,1
-1388.0,200,0,1
-1586.0,200,0,1
-1289.0,200,0,1
-1388.0,200,0,1
-2081.0,200,0,1
-1982.0,200,0,1
-1685.0,200,0,1
-1190.0,200,0,1
-2576.0,200,0,1
-1784.0,200,0,1
-2873.0,200,0,1
-893.0,200,0,1
-2576.0,200,0,1
-2576.0,200,0,1
-2774.0,200,0,1
-1883.0,200,0,1
-2378.0,200,0,1
-1982.0,200,0,1
-2477.0,200,0,1
-1883.0,200,0,1
-3170.0,200,0,1
-1883.0,200,0,1
-1586.0,200,0,1
-1685.0,200,0,1
-1685.0,200,0,1
-1685.0,200,0,1
-992.0,200,0,1
-695.0,200,0,1
-1883.0,200,0,1
-2180.0,200,0,1
-2774.0,200,0,1
-1190.0,200,0,1
-1586.0,200,0,1
-2477.0,200,0,1
-1784.0,200,0,1
-3368.0,200,0,1
-2477.0,200,0,1
-1784.0,200,0,1
-1487.0,200,0,1
-1685.0,200,0,1
-2576.0,200,0,1
-1883.0,200,0,1
-2675.0,200,0,1
-1883.0,200,0,1
-2477.0,200,0,1
-2378.0,200,0,1
-2972.0,200,0,1
-2972.0,200,0,1
-4952.0,200,0,1
-1982.0,200,0,1
-2873.0,200,0,1
-2873.0,200,0,1
-1883.0,200,0,1
-992.0,200,0,1
-1586.0,200,0,1
-2774.0,200,0,1
-2279.0,200,0,1
-1289.0,200,0,1
-1784.0,200,0,1
-794.0,200,0,1
-2675.0,200,0,1
-1190.0,200,0,1
-2774.0,200,0,1
-1533.0,147,1,1
-1685.0,200,0,1
-2279.0,200,0,1
-1487.0,200,0,1
-2576.0,200,0,1
-1883.0,200,0,1
-1190.0,200,0,1
-1784.0,200,0,1
-2576.0,200,0,1
-794.0,200,0,1
-1091.0,200,0,1
-3368.0,200,0,1
-2774.0,200,0,1
-2972.0,200,0,1
-2081.0,200,0,1
-2378.0,200,0,1
-1685.0,200,0,1
-2774.0,200,0,1
-1982.0,200,0,1
-1685.0,200,0,1
-1883.0,200,0,1
-2774.0,200,0,1
-2576.0,200,0,1
-2081.0,200,0,1
-3269.0,200,0,1
-2774.0,200,0,1
-3170.0,200,0,1
-2774.0,200,0,1
-2477.0,200,0,1
-1982.0,200,0,1
-1883.0,200,0,1
-1487.0,200,0,1
-2081.0,200,0,1
-2180.0,200,0,1
-1784.0,200,0,1
-992.0,200,0,1
-2279.0,200,0,1
-3566.0,200,0,1
-1883.0,200,0,1
-1586.0,200,0,1
-3071.0,200,0,1
-2378.0,200,0,1
-2972.0,200,0,1
-1883.0,200,0,1
-1586.0,200,0,1
-2576.0,200,0,1
-2180.0,200,0,1
-3170.0,200,0,1
-1982.0,200,0,1
-992.0,200,0,1
-1586.0,200,0,1
-1487.0,200,0,1
-1289.0,200,0,1
-1388.0,200,0,1
-2675.0,200,0,1
-1982.0,200,0,1
-2972.0,200,0,1
-2873.0,200,0,1
-1487.0,200,0,1
-1190.0,200,0,1
-2675.0,200,0,1
-1487.0,200,0,1
-2180.0,200,0,1
-2081.0,200,0,1
-2180.0,200,0,1
-2279.0,200,0,1
-1685.0,200,0,1
-1784.0,200,0,1
-2477.0,200,0,1
-2180.0,200,0,1
-2675.0,200,0,1
-1190.0,200,0,1
-1091.0,200,0,1
-1586.0,200,0,1
-3071.0,200,0,1
-2675.0,200,0,1
-2378.0,200,0,1
-1289.0,200,0,1
-1388.0,200,0,1
-893.0,200,0,1
-1685.0,200,0,1
-1487.0,200,0,1
-2180.0,200,0,1
-1982.0,200,0,1
-1091.0,200,0,1
-1586.0,200,0,1
-1982.0,200,0,1
-1487.0,200,0,1
-1190.0,200,0,1
-2378.0,200,0,1
-2279.0,200,0,1
-2576.0,200,0,1
-2279.0,200,0,1
-2576.0,200,0,1
-2378.0,200,0,1
-2180.0,200,0,1
-1982.0,200,0,1
-2675.0,200,0,1
-2774.0,200,0,1
-2180.0,200,0,1
-2081.0,200,0,1
-794.0,200,0,1
-2378.0,200,0,1
-1883.0,200,0,1
-1883.0,200,0,1
-2180.0,200,0,1
-2378.0,200,0,1
-2081.0,200,0,1
-1487.0,200,0,1
-2279.0,200,0,1
-1883.0,200,0,1
-2081.0,200,0,1
-2477.0,200,0,1
-1289.0,200,0,1
-1190.0,200,0,1
-3368.0,200,0,1
-2081.0,200,0,1
-1784.0,200,0,1
-2576.0,200,0,1
-2477.0,200,0,1
-992.0,200,0,1
-2378.0,200,0,1
-1586.0,200,0,1
-2675.0,200,0,1
-2180.0,200,0,1
-1982.0,200,0,1
-1388.0,200,0,1
-1190.0,200,0,1
-2081.0,200,0,1
-2576.0,200,0,1
-1883.0,200,0,1
-1784.0,200,0,1
-955.0,163,1,1
-2180.0,200,0,1
-1586.0,200,0,1
-1586.0,200,0,1
-1685.0,200,0,1
-497.0,200,0,1
-3071.0,200,0,1
-2180.0,200,0,1
-3863.0,200,0,1
-2378.0,200,0,1
-2378.0,200,0,1
-1982.0,200,0,1
-2873.0,200,0,1
-2180.0,200,0,1
-1388.0,200,0,1
-1982.0,200,0,1
-2576.0,200,0,1
-2576.0,200,0,1
-2477.0,200,0,1
-1685.0,200,0,1
-1982.0,200,0,1
-2378.0,200,0,1
-1784.0,200,0,1
-1685.0,200,0,1
-1685.0,200,0,1
-2180.0,200,0,1
-3566.0,200,0,1
-3269.0,200,0,1
-2477.0,200,0,1
-1784.0,200,0,1
-3071.0,200,0,1
-1982.0,200,0,1
-1586.0,200,0,1
-1388.0,200,0,1
-1388.0,200,0,1
-1190.0,200,0,1
-2972.0,200,0,1
-1586.0,200,0,1
-2675.0,200,0,1
-1784.0,200,0,1
-2180.0,200,0,1
-2576.0,200,0,1
-2279.0,200,0,1
-2576.0,200,0,1
-2477.0,200,0,1
-2576.0,200,0,1
-1586.0,200,0,1
-1289.0,200,0,1
-2378.0,200,0,1
-1487.0,200,0,1
-3269.0,200,0,1
-2081.0,200,0,1
-2873.0,200,0,1
-2180.0,200,0,1
-3467.0,200,0,1
-2576.0,200,0,1
-1091.0,200,0,1
-1487.0,200,0,1
-3665.0,200,0,1
-1586.0,200,0,1
-1091.0,200,0,1
-1784.0,200,0,1
-2774.0,200,0,1
-1883.0,200,0,1
-1388.0,200,0,1
-1190.0,200,0,1
-2873.0,200,0,1
-1586.0,200,0,1
-1883.0,200,0,1
-1487.0,200,0,1
-1289.0,200,0,1
-2279.0,200,0,1
-1388.0,200,0,1
-2576.0,200,0,1
-1586.0,200,0,1
-3467.0,200,0,1
-1190.0,200,0,1
-1982.0,200,0,1
-3269.0,200,0,1
-1000.0,109,1,1
-1883.0,200,0,1
-2378.0,200,0,1
-1685.0,200,0,1
-2873.0,200,0,1
-2576.0,200,0,1
-3071.0,200,0,1
-1091.0,200,0,1
-2477.0,200,0,1
-2378.0,200,0,1
-794.0,200,0,1
-1388.0,200,0,1
-2675.0,200,0,1
-2378.0,200,0,1
-2477.0,200,0,1
-794.0,200,0,1
-2477.0,200,0,1
-2675.0,200,0,1
-1883.0,200,0,1
-1190.0,200,0,1
-2180.0,200,0,1
-2774.0,200,0,1
-1982.0,200,0,1
-2279.0,200,0,1
-1091.0,200,0,1
-1982.0,200,0,1
-1091.0,200,0,1
-2180.0,200,0,1
-1883.0,200,0,1
-2180.0,200,0,1
-1586.0,200,0,1
-1784.0,200,0,1
-1883.0,200,0,1
-1784.0,200,0,1
-2675.0,200,0,1
-1388.0,200,0,1
-1091.0,200,0,1
-1685.0,200,0,1
-1388.0,200,0,1
-1784.0,200,0,1
-2774.0,200,0,1
-1784.0,200,0,1
-2180.0,200,0,1
-1289.0,200,0,1
-2774.0,200,0,1
-2576.0,200,0,1
-1190.0,200,0,1
-3071.0,200,0,1
-2378.0,200,0,1
-1784.0,200,0,1
-2279.0,200,0,1
-2081.0,200,0,1
-1487.0,200,0,1
-3368.0,200,0,1
-2081.0,200,0,1
-1487.0,200,0,1
-2279.0,200,0,1
-1487.0,200,0,1
-1784.0,200,0,1
-1784.0,200,0,1
-1190.0,200,0,1
-3170.0,200,0,1
-1685.0,200,0,1
-1784.0,200,0,1
-1883.0,200,0,1
-2873.0,200,0,1
-1487.0,200,0,1
-2675.0,200,0,1
-1982.0,200,0,1
-2477.0,200,0,1
-3071.0,200,0,1
-2180.0,200,0,1
-1190.0,200,0,1
-1190.0,200,0,1
-1039.0,148,1,1
-2279.0,200,0,1
-1586.0,200,0,1
-2081.0,200,0,1
-794.0,200,0,1
-992.0,200,0,1
-1883.0,200,0,1
-2774.0,200,0,1
-1388.0,200,0,1
-2180.0,200,0,1
-1982.0,200,0,1
-1883.0,200,0,1
-2279.0,200,0,1
-1883.0,200,0,1
-1190.0,200,0,1
-2081.0,200,0,1
-2675.0,200,0,1
-1190.0,200,0,1
-1784.0,200,0,1
-1091.0,200,0,1
-1883.0,200,0,1
-2972.0,200,0,1
-2477.0,200,0,1
-2081.0,200,0,1
-2873.0,200,0,1
-2081.0,200,0,1
-1883.0,200,0,1
-1982.0,200,0,1
-2081.0,200,0,1
-2972.0,200,0,1
-1784.0,200,0,1
-2576.0,200,0,1
-1190.0,200,0,1
-1586.0,200,0,1
-1586.0,200,0,1
-2477.0,200,0,1
-2675.0,200,0,1
-2081.0,200,0,1
-1487.0,200,0,1
-2081.0,200,0,1
-1883.0,200,0,1
-1388.0,200,0,1
-2378.0,200,0,1
-794.0,200,0,1
-1190.0,200,0,1
-1982.0,200,0,1
-1388.0,200,0,1
-1487.0,200,0,1
-3269.0,200,0,1
-1883.0,200,0,1
-3071.0,200,0,1
-3467.0,200,0,1
-1784.0,200,0,1
-2675.0,200,0,1
-2873.0,200,0,1
-1883.0,200,0,1
-2378.0,200,0,1
-2378.0,200,0,1
-1883.0,200,0,1
-3863.0,200,0,1
-1487.0,200,0,1
-2180.0,200,0,1
-1586.0,200,0,1
-1784.0,200,0,1
-1982.0,200,0,1
-2378.0,200,0,1
-1685.0,200,0,1
-3170.0,200,0,1
-893.0,200,0,1
-1289.0,200,0,1
-2180.0,200,0,1
-2279.0,200,0,1
-2675.0,200,0,1
-2576.0,200,0,1
-3170.0,200,0,1
-3269.0,200,0,1
-2378.0,200,0,1
-2180.0,200,0,1
-1982.0,200,0,1
-2279.0,200,0,1
-3170.0,200,0,1
-1685.0,200,0,1
-2576.0,200,0,1
-2972.0,200,0,1
-3170.0,200,0,1
-1982.0,200,0,1
-2180.0,200,0,1
-2378.0,200,0,1
-1091.0,200,0,1
-2279.0,200,0,1
-2576.0,200,0,1
-1487.0,200,0,1
-1586.0,200,0,1
-1784.0,200,0,1
-2180.0,200,0,1
-1586.0,200,0,1
-1190.0,200,0,1
-1685.0,200,0,1
-1091.0,200,0,1
-2477.0,200,0,1
-1586.0,200,0,1
-2477.0,200,0,1
-1091.0,200,0,1
-1982.0,200,0,1
-2081.0,200,0,1
-1487.0,200,0,1
-2477.0,200,0,1
-1388.0,200,0,1
-893.0,200,0,1
-2774.0,200,0,1
-2081.0,200,0,1
-1091.0,200,0,1
-2576.0,200,0,1
-2675.0,200,0,1
-2081.0,200,0,1
-2378.0,200,0,1
-2378.0,200,0,1
-2774.0,200,0,1
-1685.0,200,0,1
-596.0,200,0,1
-652.0,157,1,1
-2477.0,200,0,1
-2675.0,200,0,1
-1289.0,200,0,1
-2675.0,200,0,1
-2576.0,200,0,1
-2576.0,200,0,1
-1190.0,200,0,1
-2873.0,200,0,1
-3269.0,200,0,1
-2477.0,200,0,1
-1487.0,200,0,1
-3467.0,200,0,1
-1784.0,200,0,1
-1388.0,200,0,1
-1883.0,200,0,1
-1487.0,200,0,1
-866.0,173,1,1
-1685.0,200,0,1
-2081.0,200,0,1
-4061.0,200,0,1
-1883.0,200,0,1
-1388.0,200,0,1
-1982.0,200,0,1
-2576.0,200,0,1
-2279.0,200,0,1
-2576.0,200,0,1
-1289.0,200,0,1
-2180.0,200,0,1
-1388.0,200,0,1
-2378.0,200,0,1
-2081.0,200,0,1
-1784.0,200,0,1
-2180.0,200,0,1
-2675.0,200,0,1
-1487.0,200,0,1
-3071.0,200,0,1
-1487.0,200,0,1
-2873.0,200,0,1
-3170.0,200,0,1
-2972.0,200,0,1
-1982.0,200,0,1
-2774.0,200,0,1
-2774.0,200,0,1
-1091.0,200,0,1
-2675.0,200,0,1
-3170.0,200,0,1
-1784.0,200,0,1
-2180.0,200,0,1
-1586.0,200,0,1
-1586.0,200,0,1
-1586.0,200,0,1
-1784.0,200,0,1
-1784.0,200,0,1
-794.0,200,0,1
-2081.0,200,0,1
-1487.0,200,0,1
-1289.0,200,0,1
-2180.0,200,0,1
-1388.0,200,0,1
-2081.0,200,0,1
-2675.0,200,0,1
-2279.0,200,0,1
-2576.0,200,0,1
-1685.0,200,0,1
-1487.0,200,0,1
-1883.0,200,0,1
-1388.0,200,0,1
-3071.0,200,0,1
-2081.0,200,0,1
-3071.0,200,0,1
-2378.0,200,0,1
-841.0,148,1,1
-1487.0,200,0,1
-2675.0,200,0,1
-1487.0,200,0,1
-2378.0,200,0,1
-1784.0,200,0,1
-2081.0,200,0,1
-1487.0,200,0,1
-1190.0,200,0,1
-2576.0,200,0,1
-4061.0,200,0,1
-1685.0,200,0,1
-2378.0,200,0,1
-1685.0,200,0,1
-1982.0,200,0,1
-1487.0,200,0,1
-1982.0,200,0,1
-2180.0,200,0,1
-2576.0,200,0,1
-1883.0,200,0,1
-1883.0,200,0,1
-2279.0,200,0,1
-2180.0,200,0,1
-2477.0,200,0,1
-992.0,200,0,1
-2972.0,200,0,1
-2279.0,200,0,1
-1685.0,200,0,1
-1685.0,200,0,1
-2576.0,200,0,1
-2378.0,200,0,1
-992.0,200,0,1
-1883.0,200,0,1
-1487.0,200,0,1
-1190.0,200,0,1
-3269.0,200,0,1
-2279.0,200,0,1
-1388.0,200,0,1
-1883.0,200,0,1
-1784.0,200,0,1
-2180.0,200,0,1
-2279.0,200,0,1
-1784.0,200,0,1
-2279.0,200,0,1
-1685.0,200,0,1
-1289.0,200,0,1
-2378.0,200,0,1
-2774.0,200,0,1
-3269.0,200,0,1
-2576.0,200,0,1
-3566.0,200,0,1
-2279.0,200,0,1
-2081.0,200,0,1
-3071.0,200,0,1
-1784.0,200,0,1
-2279.0,200,0,1
-2279.0,200,0,1
-1883.0,200,0,1
-1586.0,200,0,1
-2378.0,200,0,1
-1685.0,200,0,1
-1685.0,200,0,1
-1190.0,200,0,1
-1586.0,200,0,1
-2972.0,200,0,1
-1487.0,200,0,1
-2279.0,200,0,1
-1289.0,200,0,1
-1982.0,200,0,1
-1784.0,200,0,1
-2774.0,200,0,1
-2180.0,200,0,1
-2378.0,200,0,1
-1883.0,200,0,1
-1784.0,200,0,1
-1388.0,200,0,1
-1487.0,200,0,1
-992.0,200,0,1
-1388.0,200,0,1
-2180.0,200,0,1
-2180.0,200,0,1
-2675.0,200,0,1
-1784.0,200,0,1
-2477.0,200,0,1
-1190.0,200,0,1
-992.0,200,0,1
-3170.0,200,0,1
-2972.0,200,0,1
-2081.0,200,0,1
-2774.0,200,0,1
-893.0,200,0,1
-2081.0,200,0,1
-2180.0,200,0,1
-4358.0,200,0,1
-2180.0,200,0,1
-1883.0,200,0,1
-3071.0,200,0,1
-1586.0,200,0,1
-2477.0,200,0,1
-2675.0,200,0,1
-2477.0,200,0,1
-2675.0,200,0,1
-1883.0,200,0,1
-2873.0,200,0,1
-1190.0,200,0,1
-1487.0,200,0,1
-1685.0,200,0,1
-1487.0,200,0,1
-2081.0,200,0,1
-1190.0,200,0,1
-794.0,200,0,1
-1982.0,200,0,1
-1586.0,200,0,1
-1883.0,200,0,1
-2972.0,200,0,1
-1784.0,200,0,1
-992.0,200,0,1
-1091.0,200,0,1
-2279.0,200,0,1
-1685.0,200,0,1
-2774.0,200,0,1
-2081.0,200,0,1
-1190.0,200,0,1
-1784.0,200,0,1
-3269.0,200,0,1
-3170.0,200,0,1
-2081.0,200,0,1
-2279.0,200,0,1
-2477.0,200,0,1
-2180.0,200,0,1
-2378.0,200,0,1
-1883.0,200,0,1
-1784.0,200,0,1
-794.0,200,0,1
-992.0,200,0,1
-940.0,148,1,1
-2279.0,200,0,1
-1883.0,200,0,1
-2180.0,200,0,1
-1685.0,200,0,1
-2378.0,200,0,1
-893.0,200,0,1
-1487.0,200,0,1
-1586.0,200,0,1
-1388.0,200,0,1
-1487.0,200,0,1
-1784.0,200,0,1
-1289.0,200,0,1
-1190.0,200,0,1
-2873.0,200,0,1
-1289.0,200,0,1
-1388.0,200,0,1
-2477.0,200,0,1
-1289.0,200,0,1
-2378.0,200,0,1
-3566.0,200,0,1
-1982.0,200,0,1
-2675.0,200,0,1
-2279.0,200,0,1
-2774.0,200,0,1
-2378.0,200,0,1
-1784.0,200,0,1
-1982.0,200,0,1
-1388.0,200,0,1
-2972.0,200,0,1
-2081.0,200,0,1
-1487.0,200,0,1
-2675.0,200,0,1
-1388.0,200,0,1
-1982.0,200,0,1
-2081.0,200,0,1
-2279.0,200,0,1
-2378.0,200,0,1
-1487.0,200,0,1
-2477.0,200,0,1
-1883.0,200,0,1
-1289.0,200,0,1
-2081.0,200,0,1
-2477.0,200,0,1
-1289.0,200,0,1
-1586.0,200,0,1
-1883.0,200,0,1
-2873.0,200,0,1
-1190.0,200,0,1
-2774.0,200,0,1
-2180.0,200,0,1
-1011.0,120,1,1
-1982.0,200,0,1
-1190.0,200,0,1
-2873.0,200,0,1
-2675.0,200,0,1
-2576.0,200,0,1
-2972.0,200,0,1
-2477.0,200,0,1
-1784.0,200,0,1
-1883.0,200,0,1
-3863.0,200,0,1
-2081.0,200,0,1
-2180.0,200,0,1
-1883.0,200,0,1
-2675.0,200,0,1
-2279.0,200,0,1
-1091.0,200,0,1
-2279.0,200,0,1
-2279.0,200,0,1
-2180.0,200,0,1
-2378.0,200,0,1
-2180.0,200,0,1
-2576.0,200,0,1
-1586.0,200,0,1
-1487.0,200,0,1
-2675.0,200,0,1
-2081.0,200,0,1
-1388.0,200,0,1
-1982.0,200,0,1
-2279.0,200,0,1
-2873.0,200,0,1
-1190.0,200,0,1
-2378.0,200,0,1
-1586.0,200,0,1
-3368.0,200,0,1
-2279.0,200,0,1
-1685.0,200,0,1
-2180.0,200,0,1
-2675.0,200,0,1
-2576.0,200,0,1
-2081.0,200,0,1
-2378.0,200,0,1
-2972.0,200,0,1
-1289.0,200,0,1
-3368.0,200,0,1
-1685.0,200,0,1
-1190.0,200,0,1
-1289.0,200,0,1
-2675.0,200,0,1
-2081.0,200,0,1
-1388.0,200,0,1
-3368.0,200,0,1
-1685.0,200,0,1
-1883.0,200,0,1
-2180.0,200,0,1
-2081.0,200,0,1
-1091.0,200,0,1
-3368.0,200,0,1
-1487.0,200,0,1
-2378.0,200,0,1
-1388.0,200,0,1
-2081.0,200,0,1
-2378.0,200,0,1
-1784.0,200,0,1
-2378.0,200,0,1
-1685.0,200,0,1
-2081.0,200,0,1
-3665.0,200,0,1
-2279.0,200,0,1
-2774.0,200,0,1
-2675.0,200,0,1
-992.0,200,0,1
-2279.0,200,0,1
-2774.0,200,0,1
-1982.0,200,0,1
-2081.0,200,0,1
-2081.0,200,0,1
-2180.0,200,0,1
-3269.0,200,0,1
-1586.0,200,0,1
-2675.0,200,0,1
-2675.0,200,0,1
-3269.0,200,0,1
-2873.0,200,0,1
-1982.0,200,0,1
-3863.0,200,0,1
-2477.0,200,0,1
-2972.0,200,0,1
-1487.0,200,0,1
-1388.0,200,0,1
-1562.0,176,1,1
-1586.0,200,0,1
-2081.0,200,0,1
-2774.0,200,0,1
-1091.0,200,0,1
-1487.0,200,0,1
-1388.0,200,0,1
-992.0,200,0,1
-1289.0,200,0,1
-1586.0,200,0,1
-1388.0,200,0,1
-992.0,200,0,1
-2972.0,200,0,1
-992.0,200,0,1
-1055.0,164,1,1
-2378.0,200,0,1
-2576.0,200,0,1
-2180.0,200,0,1
-1784.0,200,0,1
-1586.0,200,0,1
-1586.0,200,0,1
-2279.0,200,0,1
-1982.0,200,0,1
-1388.0,200,0,1
-893.0,200,0,1
-2279.0,200,0,1
-1982.0,200,0,1
-1685.0,200,0,1
-1487.0,200,0,1
-3269.0,200,0,1
-2180.0,200,0,1
-1190.0,200,0,1
-2774.0,200,0,1
-2477.0,200,0,1
-1091.0,200,0,1
-1289.0,200,0,1
-723.0,129,1,1
-3566.0,200,0,1
-794.0,200,0,1
-2576.0,200,0,1
-2576.0,200,0,1
-1289.0,200,0,1
-1784.0,200,0,1
-2477.0,200,0,1
-3467.0,200,0,1
-1388.0,200,0,1
-1982.0,200,0,1
-1487.0,200,0,1
-3863.0,200,0,1
-1388.0,200,0,1
-1487.0,200,0,1
-2774.0,200,0,1
-2378.0,200,0,1
-1487.0,200,0,1
-1388.0,200,0,1
-1685.0,200,0,1
-1982.0,200,0,1
-1685.0,200,0,1
-2477.0,200,0,1
-3764.0,200,0,1
-2081.0,200,0,1
-2378.0,200,0,1
-2774.0,200,0,1
-992.0,200,0,1
-2378.0,200,0,1
-1982.0,200,0,1
-3071.0,200,0,1
-2477.0,200,0,1
-1190.0,200,0,1
-1784.0,200,0,1
-1487.0,200,0,1
-2576.0,200,0,1
-2378.0,200,0,1
-2774.0,200,0,1
-2972.0,200,0,1
-1784.0,200,0,1
-1586.0,200,0,1
-2081.0,200,0,1
-2279.0,200,0,1
-1685.0,200,0,1
-1982.0,200,0,1
-2180.0,200,0,1
-2774.0,200,0,1
-1388.0,200,0,1
-1388.0,200,0,1
-1982.0,200,0,1
-2477.0,200,0,1
-2279.0,200,0,1
-2477.0,200,0,1
-2180.0,200,0,1
-1289.0,200,0,1
-2576.0,200,0,1
-3269.0,200,0,1
-1586.0,200,0,1
-2774.0,200,0,1
-1784.0,200,0,1
-3665.0,200,0,1
-1982.0,200,0,1
-1388.0,200,0,1
-1883.0,200,0,1
-1586.0,200,0,1
-2378.0,200,0,1
-1190.0,200,0,1
-2279.0,200,0,1
-2477.0,200,0,1
-1190.0,200,0,1
-2477.0,200,0,1
-1982.0,200,0,1
-1982.0,200,0,1
-1586.0,200,0,1
-2180.0,200,0,1
-1586.0,200,0,1
-1883.0,200,0,1
-3269.0,200,0,1
-1685.0,200,0,1
-1883.0,200,0,1
-3170.0,200,0,1
-3863.0,200,0,1
-2873.0,200,0,1
-2378.0,200,0,1
-1487.0,200,0,1
-2279.0,200,0,1
-1685.0,200,0,1
-2378.0,200,0,1
-1190.0,200,0,1
-2477.0,200,0,1
-2477.0,200,0,1
-1883.0,200,0,1
-893.0,200,0,1
-893.0,200,0,1
-2477.0,200,0,1
-2378.0,200,0,1
-2081.0,200,0,1
-2081.0,200,0,1
-1883.0,200,0,1
-794.0,200,0,1
-1471.0,184,1,1
-2378.0,200,0,1
-1784.0,200,0,1
-1784.0,200,0,1
-794.0,200,0,1
-1487.0,200,0,1
-992.0,200,0,1
-2477.0,200,0,1
-1883.0,200,0,1
-2774.0,200,0,1
-2972.0,200,0,1
-1784.0,200,0,1
-1487.0,200,0,1
-2774.0,200,0,1
-1586.0,200,0,1
-2477.0,200,0,1
-1982.0,200,0,1
-1487.0,200,0,1
-1982.0,200,0,1
-2180.0,200,0,1
-2081.0,200,0,1
-794.0,200,0,1
-1883.0,200,0,1
-1388.0,200,0,1
-1487.0,200,0,1
-2576.0,200,0,1
-1883.0,200,0,1
-2180.0,200,0,1
-1982.0,200,0,1
-1586.0,200,0,1
-1190.0,200,0,1
-2576.0,200,0,1
-1982.0,200,0,1
-1487.0,200,0,1
-3764.0,200,0,1
-1883.0,200,0,1
-2477.0,200,0,1
-2972.0,200,0,1
-893.0,200,0,1
-2180.0,200,0,1
-1388.0,200,0,1
-1091.0,200,0,1
-1289.0,200,0,1
-1784.0,200,0,1
-2774.0,200,0,1
-893.0,200,0,1
-2081.0,200,0,1
-1388.0,200,0,1
-1982.0,200,0,1
-1487.0,200,0,1
-2477.0,200,0,1
-1883.0,200,0,1
-3071.0,200,0,1
-2081.0,200,0,1
-1685.0,200,0,1
-1784.0,200,0,1
-1586.0,200,0,1
-3368.0,200,0,1
-3863.0,200,0,1
-1982.0,200,0,1
-2378.0,200,0,1
-1784.0,200,0,1
-1883.0,200,0,1
-3170.0,200,0,1
-1487.0,200,0,1
-2675.0,200,0,1
-2873.0,200,0,1
-1982.0,200,0,1
-2675.0,200,0,1
-1883.0,200,0,1
-3665.0,200,0,1
-2279.0,200,0,1
-1982.0,200,0,1
-1784.0,200,0,1
-3566.0,200,0,1
-1685.0,200,0,1
-2279.0,200,0,1
-1586.0,200,0,1
-1388.0,200,0,1
-1586.0,200,0,1
-2972.0,200,0,1
-2576.0,200,0,1
-1982.0,200,0,1
-2675.0,200,0,1
-3071.0,200,0,1
-2477.0,200,0,1
-1883.0,200,0,1
-2576.0,200,0,1
-2081.0,200,0,1
-1982.0,200,0,1
-1586.0,200,0,1
-1487.0,200,0,1
-2180.0,200,0,1
-2873.0,200,0,1
-1883.0,200,0,1
-2477.0,200,0,1
-3368.0,200,0,1
-1388.0,200,0,1
-3566.0,200,0,1
-2081.0,200,0,1
-2180.0,200,0,1
-1685.0,200,0,1
-2774.0,200,0,1
-2774.0,200,0,1
-2774.0,200,0,1
-1487.0,200,0,1
-2774.0,200,0,1
-3269.0,200,0,1
-2972.0,200,0,1
-3764.0,200,0,1
-2081.0,200,0,1
-2378.0,200,0,1
-3071.0,200,0,1
-2774.0,200,0,1
-2477.0,200,0,1
-3665.0,200,0,1
-1586.0,200,0,1
-1289.0,200,0,1
-2972.0,200,0,1
-3665.0,200,0,1
-2675.0,200,0,1
-1091.0,200,0,1
-2081.0,200,0,1
-1487.0,200,0,1
-3467.0,200,0,1
-1388.0,200,0,1
-3566.0,200,0,1
-1388.0,200,0,1
-2279.0,200,0,1
-565.0,70,1,1
-2972.0,200,0,1
-3368.0,200,0,1
-2180.0,200,0,1
-1883.0,200,0,1
-2477.0,200,0,1
-3071.0,200,0,1
-1883.0,200,0,1
-1289.0,200,0,1
-1883.0,200,0,1
-1784.0,200,0,1
-2873.0,200,0,1
-3269.0,200,0,1
-893.0,200,0,1
-1487.0,200,0,1
-3368.0,200,0,1
-2477.0,200,0,1
-613.0,118,1,1
-2972.0,200,0,1
-2081.0,200,0,1
-1388.0,200,0,1
-2180.0,200,0,1
-1883.0,200,0,1
-1685.0,200,0,1
-1685.0,200,0,1
-1091.0,200,0,1
-2972.0,200,0,1
-1982.0,200,0,1
-1388.0,200,0,1
-1982.0,200,0,1
-1388.0,200,0,1
-3170.0,200,0,1
-2378.0,200,0,1
-2081.0,200,0,1
-1586.0,200,0,1
